name,Season,Lg,Team,W,L,W/L%,Finish,SRS,Pace,Rel Pace,ORtg,Rel ORtg,DRtg,Rel DRtg,Playoffs,Coaches,Top WS
Atlanta Hawks,2020-21,NBA,Atlanta Hawks,41,31,.569,1st of 5,2.14,97.6,-1.6,115.7,3.4,113.3,1.0,Lost E. Conf. Finals,L. Pierce,C. Capela
Atlanta Hawks,2019-20,NBA,Atlanta Hawks,20,47,.299,5th of 5,-7.71,103.0,2.7,107.2,-3.4,114.8,4.2,,L. Pierce,T. Young
Atlanta Hawks,2018-19,NBA,Atlanta Hawks,29,53,.354,5th of 5,-6.06,103.9,3.9,108.1,-2.3,113.9,3.5,,L. Pierce,J. Collins
Atlanta Hawks,2017-18,NBA,Atlanta Hawks,24,58,.293,5th of 5,-5.30,98.3,1.0,105.0,-3.6,110.6,2.0,,M. Budenholzer,J. Collins
Atlanta Hawks,2016-17,NBA,Atlanta Hawks,43,39,.524,2nd of 5,-1.23,97.4,1.0,104.9,-3.9,105.7,-3.1,Lost E. Conf. 1st Rnd.,M. Budenholzer,D. Howard
Atlanta Hawks,2015-16,NBA,Atlanta Hawks,48,34,.585,2nd of 5,3.49,97.1,1.3,105.1,-1.3,101.4,-5.0,Lost E. Conf. Semis,M. Budenholzer,P. Millsap
Atlanta Hawks,2014-15,NBA,Atlanta Hawks,60,22,.732,1st of 5,4.75,93.9,0.0,108.9,3.3,103.1,-2.5,Lost E. Conf. Finals,M. Budenholzer,A. Horford
Atlanta Hawks,2013-14,NBA,Atlanta Hawks,38,44,.463,4th of 5,-0.88,94.6,0.7,105.9,-0.8,106.4,-0.3,Lost E. Conf. 1st Rnd.,M. Budenholzer,P. Millsap
Atlanta Hawks,2012-13,NBA,Atlanta Hawks,44,38,.537,2nd of 5,-0.08,92.6,0.6,104.8,-1.1,104.4,-1.5,Lost E. Conf. 1st Rnd.,L. Drew,A. Horford
Atlanta Hawks,2011-12,NBA,Atlanta Hawks,40,26,.606,2nd of 5,2.67,90.2,-1.1,104.9,0.3,101.2,-3.4,Lost E. Conf. 1st Rnd.,L. Drew,J. Smith
Atlanta Hawks,2010-11,NBA,Atlanta Hawks,44,38,.537,3rd of 5,-1.10,89.3,-2.8,106.1,-1.2,107.0,-0.3,Lost E. Conf. Semis,L. Drew,A. Horford
Atlanta Hawks,2009-10,NBA,Atlanta Hawks,53,29,.646,2nd of 5,4.44,90.1,-2.6,111.9,4.3,106.7,-0.9,Lost E. Conf. Semis,M. Woodson,A. Horford
Washington Wizards,2020-21,NBA,Washington Wizards,34,38,.472,3rd of 5,-1.85,104.1,4.9,111.2,-1.1,113.0,0.7,Lost E. Conf. 1st Rnd.,S. Brooks,B. Beal
Washington Wizards,2019-20,NBA,Washington Wizards,25,47,.347,4th of 5,-5.24,102.7,2.4,110.9,0.3,115.5,4.9,,S. Brooks,B. Beal
Washington Wizards,2018-19,NBA,Washington Wizards,32,50,.390,4th of 5,-3.30,101.4,1.4,111.1,0.7,113.9,3.5,,S. Brooks,B. Beal
Washington Wizards,2017-18,NBA,Washington Wizards,43,39,.524,2nd of 5,0.53,96.6,-0.7,109.3,0.7,108.7,0.1,Lost E. Conf. 1st Rnd.,S. Brooks,O. Porter
Washington Wizards,2016-17,NBA,Washington Wizards,49,33,.598,1st of 5,1.36,97.4,1.0,111.2,2.4,109.3,0.5,Lost E. Conf. Semis,S. Brooks,O. Porter
Washington Wizards,2015-16,NBA,Washington Wizards,41,41,.500,4th of 5,-0.50,98.5,2.7,105.3,-1.1,105.8,-0.6,,R. Wittman,M. Gortat
Washington Wizards,2014-15,NBA,Washington Wizards,46,36,.561,2nd of 5,0.17,93.7,-0.2,103.7,-1.9,103.0,-2.6,Lost E. Conf. Semis,R. Wittman,M. Gortat
Washington Wizards,2013-14,NBA,Washington Wizards,44,38,.537,2nd of 5,0.48,93.2,-0.7,106.0,-0.7,104.6,-2.1,Lost E. Conf. Semis,R. Wittman,M. Gortat
Washington Wizards,2012-13,NBA,Washington Wizards,29,53,.354,3rd of 5,-2.78,92.2,0.2,100.2,-5.7,103.0,-2.9,,R. Wittman,M. Webster
Washington Wizards,2011-12,NBA,Washington Wizards,20,46,.303,4th of 5,-5.14,92.5,1.2,101.0,-3.6,106.2,1.6,,F. Saunders,J. Wall
Washington Wizards,2010-11,NBA,Washington Wizards,23,59,.280,5th of 5,-7.30,93.8,1.7,102.4,-4.9,110.2,2.9,,F. Saunders,J. McGee
Washington Wizards,2009-10,NBA,Washington Wizards,26,56,.317,5th of 5,-4.72,91.6,-1.1,104.2,-3.4,109.4,1.8,,F. Saunders,B. Haywood
Utah Jazz,2020-21,NBA,Utah Jazz,52,20,.722,1st of 5,8.97,98.5,-0.7,117.6,5.3,108.3,-4.0,Lost W. Conf. Semis,Q. Snyder,R. Gobert
Utah Jazz,2019-20,NBA,Utah Jazz,44,28,.611,3rd of 5,2.52,98.6,-1.7,112.3,1.7,109.9,-0.7,Lost W. Conf. 1st Rnd.,Q. Snyder,R. Gobert
Utah Jazz,2018-19,NBA,Utah Jazz,50,32,.610,3rd of 5,5.28,100.3,0.3,110.9,0.5,105.7,-4.7,Lost W. Conf. 1st Rnd.,Q. Snyder,R. Gobert
Utah Jazz,2017-18,NBA,Utah Jazz,48,34,.585,3rd of 5,4.47,95.7,-1.6,108.4,-0.2,103.9,-4.7,Lost W. Conf. Semis,Q. Snyder,R. Gobert
Utah Jazz,2016-17,NBA,Utah Jazz,51,31,.622,1st of 5,4.00,91.6,-4.8,109.6,0.8,105.3,-3.5,Lost W. Conf. Semis,Q. Snyder,R. Gobert
Utah Jazz,2015-16,NBA,Utah Jazz,40,42,.488,3rd of 5,1.84,91.0,-4.8,105.9,-0.5,103.9,-2.5,,Q. Snyder,G. Hayward
Utah Jazz,2014-15,NBA,Utah Jazz,38,44,.463,3rd of 5,0.71,90.4,-3.5,105.1,-0.5,104.9,-0.7,,Q. Snyder,R. Gobert
Utah Jazz,2013-14,NBA,Utah Jazz,25,57,.305,5th of 5,-6.27,91.4,-2.5,103.5,-3.2,111.3,4.6,,T. Corbin,D. Favors
Utah Jazz,2012-13,NBA,Utah Jazz,43,39,.524,3rd of 5,0.30,90.9,-1.1,106.7,0.8,106.8,0.9,,T. Corbin,A. Jefferson
Utah Jazz,2011-12,NBA,Utah Jazz,36,30,.545,3rd of 5,0.92,91.4,0.1,106.8,2.2,106.1,1.5,Lost W. Conf. 1st Rnd.,T. Corbin,P. Millsap
Utah Jazz,2010-11,NBA,Utah Jazz,39,43,.476,4th of 5,-1.44,91.0,-1.1,108.1,0.8,110.1,2.8,,J. Sloan,A. Jefferson
Utah Jazz,2009-10,NBA,Utah Jazz,53,29,.646,2nd of 5,5.33,93.8,1.1,110.7,3.1,105.0,-2.6,Lost W. Conf. Semis,J. Sloan,D. Williams
Toronto Raptors,2020-21,NBA,Toronto Raptors,27,45,.375,5th of 5,-0.54,99.2,0.0,112.0,-0.3,112.5,0.2,,N. Nurse,C. Boucher
Toronto Raptors,2019-20,NBA,Toronto Raptors,53,19,.736,1st of 5,5.97,100.9,0.6,111.1,0.5,105.0,-5.6,Lost E. Conf. Semis,N. Nurse,K. Lowry
Toronto Raptors,2018-19,NBA,Toronto Raptors,58,24,.707,1st of 5,5.49,100.2,0.2,113.1,2.7,107.1,-3.3,Won Finals,N. Nurse,K. Leonard
Toronto Raptors,2017-18,NBA,Toronto Raptors,59,23,.720,1st of 5,7.29,97.4,0.1,113.8,5.2,105.9,-2.7,Lost E. Conf. Semis,D. Casey,K. Lowry
Toronto Raptors,2016-17,NBA,Toronto Raptors,51,31,.622,2nd of 5,3.65,94.7,-1.7,112.3,3.5,107.8,-1.0,Lost E. Conf. Semis,D. Casey,K. Lowry
Toronto Raptors,2015-16,NBA,Toronto Raptors,56,26,.683,1st of 5,4.08,92.9,-2.9,110.0,3.6,105.2,-1.2,Lost E. Conf. Finals,D. Casey,K. Lowry
Toronto Raptors,2014-15,NBA,Toronto Raptors,49,33,.598,1st of 5,2.45,92.8,-1.1,111.0,5.4,107.7,2.1,Lost E. Conf. 1st Rnd.,D. Casey,J. Valančiūnas
Toronto Raptors,2013-14,NBA,Toronto Raptors,48,34,.585,1st of 5,2.55,91.8,-2.1,108.8,2.1,105.3,-1.4,Lost E. Conf. 1st Rnd.,D. Casey,K. Lowry
Toronto Raptors,2012-13,NBA,Toronto Raptors,34,48,.415,5th of 5,-1.96,90.4,-1.6,105.9,0.0,107.5,1.6,,D. Casey,A. Johnson
Toronto Raptors,2011-12,NBA,Toronto Raptors,23,43,.348,4th of 5,-3.67,89.3,-2.0,100.8,-3.8,104.5,-0.1,,D. Casey,J. Calderón
Toronto Raptors,2010-11,NBA,Toronto Raptors,22,60,.268,5th of 5,-6.28,92.9,0.8,106.1,-1.2,112.9,5.6,,J. Triano,A. Johnson
Toronto Raptors,2009-10,NBA,Toronto Raptors,40,42,.488,2nd of 5,-1.83,93.1,0.4,111.3,3.7,113.2,5.6,,J. Triano,C. Bosh
San Antonio Spurs,2020-21,NBA,San Antonio Spurs,33,39,.458,3rd of 5,-1.58,98.9,-0.3,111.0,-1.3,112.8,0.5,,G. Popovich,D. DeRozan
San Antonio Spurs,2019-20,NBA,San Antonio Spurs,32,39,.451,4th of 5,-0.65,100.5,0.2,112.4,1.8,113.5,2.9,,G. Popovich,D. DeRozan
San Antonio Spurs,2018-19,NBA,San Antonio Spurs,48,34,.585,2nd of 5,1.80,98.3,-1.7,112.9,2.5,111.2,0.8,Lost W. Conf. 1st Rnd.,G. Popovich,L. Aldridge
San Antonio Spurs,2017-18,NBA,San Antonio Spurs,47,35,.573,3rd of 5,2.89,95.0,-2.3,107.9,-0.7,104.8,-3.8,Lost W. Conf. 1st Rnd.,G. Popovich,L. Aldridge
San Antonio Spurs,2016-17,NBA,San Antonio Spurs,61,21,.744,1st of 5,7.13,94.2,-2.2,111.1,2.3,103.5,-5.3,Lost W. Conf. Finals,G. Popovich,K. Leonard
San Antonio Spurs,2015-16,NBA,San Antonio Spurs,67,15,.817,1st of 5,10.28,93.8,-2.0,110.3,3.9,99.0,-7.4,Lost W. Conf. Semis,G. Popovich,K. Leonard
San Antonio Spurs,2014-15,NBA,San Antonio Spurs,55,27,.671,3rd of 5,6.34,93.8,-0.1,108.5,2.9,102.0,-3.6,Lost W. Conf. 1st Rnd.,G. Popovich,T. Duncan
San Antonio Spurs,2013-14,NBA,San Antonio Spurs,62,20,.756,1st of 5,8.00,95.0,1.1,110.5,3.8,102.4,-4.3,Won Finals,G. Popovich,K. Leonard
San Antonio Spurs,2012-13,NBA,San Antonio Spurs,58,24,.707,1st of 5,6.67,94.2,2.2,108.3,2.4,101.6,-4.3,Lost Finals,G. Popovich,T. Parker
San Antonio Spurs,2011-12,NBA,San Antonio Spurs,50,16,.758,1st of 5,7.28,92.9,1.6,110.9,6.3,103.2,-1.4,Lost W. Conf. Finals,G. Popovich,T. Parker
San Antonio Spurs,2010-11,NBA,San Antonio Spurs,61,21,.744,1st of 5,5.86,92.3,0.2,111.8,4.5,105.6,-1.7,Lost W. Conf. 1st Rnd.,G. Popovich,M. Ginóbili
San Antonio Spurs,2009-10,NBA,San Antonio Spurs,50,32,.610,2nd of 5,5.07,91.7,-1.0,110.0,2.4,104.5,-3.1,Lost W. Conf. Semis,G. Popovich,T. Duncan
Sacramento Kings,2020-21,NBA,Sacramento Kings,31,41,.431,5th of 5,-3.45,100.0,0.8,113.6,1.3,117.2,4.9,,L. Walton,R. Holmes
Sacramento Kings,2019-20,NBA,Sacramento Kings,31,41,.431,4th of 5,-1.59,98.9,-1.4,110.2,-0.4,112.2,1.6,,L. Walton,N. Bjelica
Sacramento Kings,2018-19,NBA,Sacramento Kings,39,43,.476,3rd of 5,-0.81,103.1,3.1,110.4,0.0,111.5,1.1,,D. Joerger,W. Cauley-Stein
Sacramento Kings,2017-18,NBA,Sacramento Kings,27,55,.329,4th of 5,-6.60,94.9,-2.4,103.7,-4.9,111.1,2.5,,D. Joerger,W. Cauley-Stein
Sacramento Kings,2016-17,NBA,Sacramento Kings,32,50,.390,3rd of 5,-3.29,94.9,-1.5,107.3,-1.5,111.3,2.5,,D. Joerger,D. Cousins
Sacramento Kings,2015-16,NBA,Sacramento Kings,33,49,.402,3rd of 5,-2.32,100.0,4.2,106.0,-0.4,108.4,2.0,,G. Karl,D. Cousins
Sacramento Kings,2014-15,NBA,Sacramento Kings,29,53,.354,4th of 5,-3.07,95.4,1.5,105.3,-0.3,109.2,3.6,,M. Malone,R. Gay
Sacramento Kings,2013-14,NBA,Sacramento Kings,28,54,.341,4th of 5,-2.08,94.4,0.5,105.7,-1.0,108.8,2.1,,M. Malone,D. Cousins
Sacramento Kings,2012-13,NBA,Sacramento Kings,28,54,.341,4th of 5,-4.26,93.6,1.6,106.2,0.3,111.4,5.5,,K. Smart,I. Thomas
Sacramento Kings,2011-12,NBA,Sacramento Kings,22,44,.333,5th of 5,-4.95,94.7,3.4,103.8,-0.8,109.8,5.2,,P. Westphal,I. Thomas
Sacramento Kings,2010-11,NBA,Sacramento Kings,24,58,.293,5th of 5,-4.80,95.2,3.1,103.5,-3.8,109.0,1.7,,P. Westphal,B. Udrih
Sacramento Kings,2009-10,NBA,Sacramento Kings,25,57,.305,5th of 5,-4.06,94.0,1.3,105.3,-2.3,109.9,2.3,,P. Westphal,B. Udrih
Portland Trail Blazers,2020-21,NBA,Portland Trail Blazers,42,30,.583,3rd of 5,1.81,98.4,-0.8,117.8,5.5,116.0,3.7,Lost W. Conf. 1st Rnd.,T. Stotts,D. Lillard
Portland Trail Blazers,2019-20,NBA,Portland Trail Blazers,35,39,.473,4th of 5,-0.61,100.7,0.4,113.7,3.1,114.8,4.2,Lost W. Conf. 1st Rnd.,T. Stotts,D. Lillard
Portland Trail Blazers,2018-19,NBA,Portland Trail Blazers,53,29,.646,2nd of 5,4.43,99.1,-0.9,114.7,4.3,110.5,0.1,Lost W. Conf. Finals,T. Stotts,D. Lillard
Portland Trail Blazers,2017-18,NBA,Portland Trail Blazers,49,33,.598,1st of 5,2.60,96.5,-0.8,109.1,0.5,106.4,-2.2,Lost W. Conf. 1st Rnd.,T. Stotts,D. Lillard
Portland Trail Blazers,2016-17,NBA,Portland Trail Blazers,41,41,.500,3rd of 5,-0.23,96.7,0.3,110.3,1.5,110.8,2.0,Lost W. Conf. 1st Rnd.,T. Stotts,D. Lillard
Portland Trail Blazers,2015-16,NBA,Portland Trail Blazers,44,38,.537,2nd of 5,0.98,96.0,0.2,108.8,2.4,108.0,1.6,Lost W. Conf. Semis,T. Stotts,D. Lillard
Portland Trail Blazers,2014-15,NBA,Portland Trail Blazers,51,31,.622,1st of 5,4.41,94.2,0.3,108.2,2.6,103.7,-1.9,Lost W. Conf. 1st Rnd.,T. Stotts,D. Lillard
Portland Trail Blazers,2013-14,NBA,Portland Trail Blazers,54,28,.659,2nd of 5,4.44,94.9,1.0,111.5,4.8,107.4,0.7,Lost W. Conf. Semis,T. Stotts,D. Lillard
Portland Trail Blazers,2012-13,NBA,Portland Trail Blazers,33,49,.402,4th of 5,-2.53,91.4,-0.6,105.8,-0.1,109.2,3.3,,T. Stotts,L. Aldridge
Portland Trail Blazers,2011-12,NBA,Portland Trail Blazers,28,38,.424,4th of 5,-0.22,91.2,-0.1,105.7,1.1,106.4,1.8,,N. McMillan,L. Aldridge
Portland Trail Blazers,2010-11,NBA,Portland Trail Blazers,48,34,.585,3rd of 5,1.85,87.9,-4.2,108.8,1.5,107.1,-0.2,Lost W. Conf. 1st Rnd.,N. McMillan,L. Aldridge
Portland Trail Blazers,2009-10,NBA,Portland Trail Blazers,50,32,.610,3rd of 5,3.18,87.7,-5.0,110.8,3.2,107.1,-0.5,Lost W. Conf. 1st Rnd.,N. McMillan,B. Roy
Phoenix Suns,2020-21,NBA,Phoenix Suns,51,21,.708,1st of 5,5.67,97.2,-2.0,117.2,4.9,111.3,-1.0,Lost Finals,M. Williams,C. Paul
Phoenix Suns,2019-20,NBA,Phoenix Suns,34,39,.466,3rd of 5,0.56,101.3,1.0,111.7,1.1,111.4,0.8,,M. Williams,D. Booker
Phoenix Suns,2018-19,NBA,Phoenix Suns,19,63,.232,5th of 5,-8.61,100.5,0.5,105.9,-4.5,115.1,4.7,,I. Kokoskov,D. Ayton
Phoenix Suns,2017-18,NBA,Phoenix Suns,21,61,.256,5th of 5,-8.80,100.3,3.0,103.5,-5.1,112.8,4.2,,E. Watson,A. Len
Phoenix Suns,2016-17,NBA,Phoenix Suns,24,58,.293,5th of 5,-5.14,100.3,3.9,106.6,-2.2,112.2,3.4,,E. Watson,E. Bledsoe
Phoenix Suns,2015-16,NBA,Phoenix Suns,23,59,.280,4th of 5,-6.32,98.5,2.7,102.2,-4.2,109.0,2.6,,J. Hornacek,M. Teletović
Phoenix Suns,2014-15,NBA,Phoenix Suns,39,43,.476,3rd of 5,-0.38,96.3,2.4,105.3,-0.3,106.2,0.6,,J. Hornacek,E. Bledsoe
Phoenix Suns,2013-14,NBA,Phoenix Suns,48,34,.585,3rd of 5,3.02,95.8,1.9,109.5,2.8,106.7,0.0,,J. Hornacek,G. Dragić
Phoenix Suns,2012-13,NBA,Phoenix Suns,25,57,.305,5th of 5,-5.75,93.4,1.4,101.2,-4.7,108.1,2.2,,A. Gentry,G. Dragić
Phoenix Suns,2011-12,NBA,Phoenix Suns,33,33,.500,3rd of 5,0.29,92.6,1.3,106.2,1.6,106.5,1.9,,A. Gentry,M. Gortat
Phoenix Suns,2010-11,NBA,Phoenix Suns,40,42,.488,2nd of 5,-0.46,94.4,2.3,109.5,2.2,110.4,3.1,,A. Gentry,S. Nash
Phoenix Suns,2009-10,NBA,Phoenix Suns,54,28,.659,2nd of 5,4.67,95.3,2.6,115.3,7.7,110.2,2.6,Lost W. Conf. Finals,A. Gentry,A. Stoudemire
Philadelphia 76ers,2020-21,NBA,Philadelphia 76ers,49,23,.681,1st of 5,5.28,99.5,0.3,113.2,0.9,107.6,-4.7,Lost E. Conf. Semis,D. Rivers,J. Embiid
Philadelphia 76ers,2019-20,NBA,Philadelphia 76ers,43,30,.589,3rd of 5,2.25,99.0,-1.3,111.3,0.7,109.0,-1.6,Lost E. Conf. 1st Rnd.,B. Brown,B. Simmons
Philadelphia 76ers,2018-19,NBA,Philadelphia 76ers,51,31,.622,2nd of 5,2.25,101.6,1.6,112.6,2.2,110.0,-0.4,Lost E. Conf. Semis,B. Brown,J. Embiid
Philadelphia 76ers,2017-18,NBA,Philadelphia 76ers,52,30,.634,3rd of 5,4.30,99.8,2.5,109.5,0.9,105.0,-3.6,Lost E. Conf. Semis,B. Brown,B. Simmons
Philadelphia 76ers,2016-17,NBA,Philadelphia 76ers,28,54,.341,4th of 5,-5.83,98.5,2.1,103.2,-5.6,108.9,0.1,,B. Brown,T. McConnell
Philadelphia 76ers,2015-16,NBA,Philadelphia 76ers,10,72,.122,5th of 5,-9.92,97.9,2.1,98.8,-7.6,109.2,2.8,,B. Brown,N. Noel
Philadelphia 76ers,2014-15,NBA,Philadelphia 76ers,18,64,.220,4th of 5,-9.04,95.7,1.8,95.5,-10.1,104.8,-0.8,,B. Brown,N. Noel
Philadelphia 76ers,2013-14,NBA,Philadelphia 76ers,19,63,.232,5th of 5,-10.66,99.2,5.3,99.4,-7.3,109.9,3.2,,B. Brown,T. Young
Philadelphia 76ers,2012-13,NBA,Philadelphia 76ers,34,48,.415,4th of 5,-3.51,91.0,-1.0,102.0,-3.9,105.7,-0.2,,D. Collins,T. Young
Philadelphia 76ers,2011-12,NBA,Philadelphia 76ers,35,31,.530,3rd of 5,3.59,89.7,-1.6,103.9,-0.7,99.2,-5.4,Lost E. Conf. Semis,D. Collins,A. Iguodala
Philadelphia 76ers,2010-11,NBA,Philadelphia 76ers,41,41,.500,3rd of 5,1.01,91.7,-0.4,106.6,-0.7,105.0,-2.3,Lost E. Conf. 1st Rnd.,D. Collins,E. Brand
Philadelphia 76ers,2009-10,NBA,Philadelphia 76ers,27,55,.329,4th of 5,-3.93,91.6,-1.1,106.1,-1.5,110.3,2.7,,E. Jordan,A. Iguodala
Orlando Magic,2020-21,NBA,Orlando Magic,21,51,.292,5th of 5,-9.02,98.7,-0.5,105.1,-7.2,114.5,2.2,,S. Clifford,N. Vučević
Orlando Magic,2019-20,NBA,Orlando Magic,33,40,.452,2nd of 5,-0.93,98.6,-1.7,108.5,-2.1,109.5,-1.1,Lost E. Conf. 1st Rnd.,S. Clifford,N. Vučević
Orlando Magic,2018-19,NBA,Orlando Magic,42,40,.512,1st of 5,0.28,98.1,-1.9,108.9,-1.5,108.1,-2.3,Lost E. Conf. 1st Rnd.,S. Clifford,N. Vučević
Orlando Magic,2017-18,NBA,Orlando Magic,25,57,.305,4th of 5,-4.92,98.1,0.8,105.2,-3.4,110.1,1.5,,F. Vogel,D. Augustin
Orlando Magic,2016-17,NBA,Orlando Magic,29,53,.354,5th of 5,-6.61,96.8,0.4,103.7,-5.1,110.5,1.7,,F. Vogel,E. Payton
Orlando Magic,2015-16,NBA,Orlando Magic,35,47,.427,5th of 5,-1.68,96.0,0.2,105.1,-1.3,106.8,0.4,,S. Skiles,E. Fournier
Orlando Magic,2014-15,NBA,Orlando Magic,25,57,.305,5th of 5,-5.87,93.8,-0.1,101.6,-4.0,107.7,2.1,,J. Vaughn,N. Vučević
Orlando Magic,2013-14,NBA,Orlando Magic,23,59,.280,5th of 5,-5.88,93.6,-0.3,101.7,-5.0,107.4,0.7,,J. Vaughn,A. Afflalo
Orlando Magic,2012-13,NBA,Orlando Magic,20,62,.244,5th of 5,-7.12,92.2,0.2,101.6,-4.3,109.1,3.2,,J. Vaughn,N. Vučević
Orlando Magic,2011-12,NBA,Orlando Magic,37,29,.561,3rd of 5,0.46,89.0,-2.3,105.0,0.4,104.1,-0.5,Lost E. Conf. 1st Rnd.,S. Van Gundy,R. Anderson
Orlando Magic,2010-11,NBA,Orlando Magic,52,30,.634,2nd of 5,4.92,91.2,-0.9,107.9,0.6,102.0,-5.3,Lost E. Conf. 1st Rnd.,S. Van Gundy,D. Howard
Orlando Magic,2009-10,NBA,Orlando Magic,59,23,.720,1st of 5,7.12,92.0,-0.7,111.4,3.8,103.3,-4.3,Lost E. Conf. Finals,S. Van Gundy,D. Howard
Oklahoma City Thunder,2020-21,NBA,Oklahoma City Thunder,22,50,.306,5th of 5,-10.13,101.0,1.8,103.5,-8.8,114.0,1.7,,M. Daigneault,S. Gilgeous-Alexander
Oklahoma City Thunder,2019-20,NBA,Oklahoma City Thunder,44,28,.611,2nd of 5,2.33,98.8,-1.5,110.8,0.2,108.8,-1.8,Lost W. Conf. 1st Rnd.,B. Donovan,C. Paul
Oklahoma City Thunder,2018-19,NBA,Oklahoma City Thunder,49,33,.598,4th of 5,3.56,102.8,2.8,110.3,-0.1,107.0,-3.4,Lost W. Conf. 1st Rnd.,B. Donovan,P. George
Oklahoma City Thunder,2017-18,NBA,Oklahoma City Thunder,48,34,.585,2nd of 5,3.42,96.7,-0.6,110.7,2.1,107.2,-1.4,Lost W. Conf. 1st Rnd.,B. Donovan,R. Westbrook
Oklahoma City Thunder,2016-17,NBA,Oklahoma City Thunder,47,35,.573,2nd of 5,1.14,97.8,1.4,108.3,-0.5,107.5,-1.3,Lost W. Conf. 1st Rnd.,B. Donovan,R. Westbrook
Oklahoma City Thunder,2015-16,NBA,Oklahoma City Thunder,55,27,.671,1st of 5,7.09,96.7,0.9,113.1,6.7,105.6,-0.8,Lost W. Conf. Finals,B. Donovan,K. Durant
Oklahoma City Thunder,2014-15,NBA,Oklahoma City Thunder,45,37,.549,2nd of 5,2.47,95.7,1.8,107.8,2.2,105.5,-0.1,,S. Brooks,R. Westbrook
Oklahoma City Thunder,2013-14,NBA,Oklahoma City Thunder,59,23,.720,1st of 5,6.66,95.4,1.5,110.5,3.8,103.9,-2.8,Lost W. Conf. Finals,S. Brooks,K. Durant
Oklahoma City Thunder,2012-13,NBA,Oklahoma City Thunder,60,22,.732,1st of 5,9.15,93.3,1.3,112.4,6.5,102.6,-3.3,Lost W. Conf. Semis,S. Brooks,K. Durant
Oklahoma City Thunder,2011-12,NBA,Oklahoma City Thunder,47,19,.712,1st of 5,6.44,93.0,1.7,109.8,5.2,103.2,-1.4,Lost Finals,S. Brooks,K. Durant
Oklahoma City Thunder,2010-11,NBA,Oklahoma City Thunder,55,27,.671,1st of 5,3.81,92.7,0.6,111.2,3.9,107.2,-0.1,Lost W. Conf. Finals,S. Brooks,K. Durant
Oklahoma City Thunder,2009-10,NBA,Oklahoma City Thunder,50,32,.610,4th of 5,3.55,93.1,0.4,108.3,0.7,104.6,-3.0,Lost W. Conf. 1st Rnd.,S. Brooks,K. Durant
New York Knicks,2020-21,NBA,New York Knicks,41,31,.569,3rd of 5,2.13,95.9,-3.3,110.6,-1.7,108.2,-4.1,Lost E. Conf. 1st Rnd.,T. Thibodeau,J. Randle
New York Knicks,2019-20,NBA,New York Knicks,21,45,.318,5th of 5,-6.72,98.6,-1.7,106.5,-4.1,113.0,2.4,,D. Fizdale,M. Robinson
New York Knicks,2018-19,NBA,New York Knicks,17,65,.207,5th of 5,-8.93,99.6,-0.4,104.5,-5.9,113.7,3.3,,D. Fizdale,M. Robinson
New York Knicks,2017-18,NBA,New York Knicks,29,53,.354,4th of 5,-3.53,96.8,-0.5,107.1,-1.5,110.7,2.1,,J. Hornacek,E. Freedom
New York Knicks,2016-17,NBA,New York Knicks,31,51,.378,3rd of 5,-3.87,96.0,-0.4,107.7,-1.1,111.5,2.7,,J. Hornacek,C. Anthony
New York Knicks,2015-16,NBA,New York Knicks,32,50,.390,3rd of 5,-2.74,93.4,-2.4,104.6,-1.8,107.6,1.2,,D. Fisher,C. Anthony
New York Knicks,2014-15,NBA,New York Knicks,17,65,.207,5th of 5,-9.50,91.2,-2.7,99.9,-5.7,110.0,4.4,,D. Fisher,C. Anthony
New York Knicks,2013-14,NBA,New York Knicks,37,45,.451,3rd of 5,-1.40,90.3,-3.6,108.3,1.6,109.1,2.4,,M. Woodson,C. Anthony
New York Knicks,2012-13,NBA,New York Knicks,54,28,.659,1st of 5,3.73,89.8,-2.2,111.1,5.2,106.3,0.4,Lost E. Conf. Semis,M. Woodson,C. Anthony
New York Knicks,2011-12,NBA,New York Knicks,36,30,.545,2nd of 5,2.39,93.2,1.9,104.4,-0.2,101.0,-3.6,Lost E. Conf. 1st Rnd.,M. D'Antoni,T. Chandler
New York Knicks,2010-11,NBA,New York Knicks,42,40,.512,2nd of 5,0.48,95.6,3.5,110.9,3.6,110.1,2.8,Lost E. Conf. 1st Rnd.,M. D'Antoni,A. Stoudemire
New York Knicks,2009-10,NBA,New York Knicks,29,53,.354,3rd of 5,-4.01,94.0,1.3,107.6,0.0,111.6,4.0,,M. D'Antoni,D. Lee
New Orleans Pelicans,2020-21,NBA,New Orleans Pelicans,31,41,.431,4th of 5,-0.20,100.1,0.9,113.5,1.2,113.8,1.5,,S. Van Gundy,Z. Williamson
New Orleans Pelicans,2019-20,NBA,New Orleans Pelicans,30,42,.417,5th of 5,-0.55,103.7,3.4,110.7,0.1,111.9,1.3,,A. Gentry,B. Ingram
New Orleans Pelicans,2018-19,NBA,New Orleans Pelicans,33,49,.402,4th of 5,-1.10,103.3,3.3,111.4,1.0,112.6,2.2,,A. Gentry,A. Davis
New Orleans Pelicans,2017-18,NBA,New Orleans Pelicans,48,34,.585,2nd of 5,1.48,100.5,3.2,109.6,1.0,108.3,-0.3,Lost W. Conf. Semis,A. Gentry,A. Davis
New Orleans Pelicans,2016-17,NBA,New Orleans Pelicans,34,48,.415,4th of 5,-1.69,98.0,1.6,105.2,-3.6,107.4,-1.4,,A. Gentry,A. Davis
New Orleans Pelicans,2015-16,NBA,New Orleans Pelicans,30,52,.366,5th of 5,-3.56,96.8,1.0,105.6,-0.8,109.5,3.1,,A. Gentry,A. Davis
New Orleans Pelicans,2014-15,NBA,New Orleans Pelicans,45,37,.549,5th of 5,1.13,91.4,-2.5,108.2,2.6,107.3,1.7,Lost W. Conf. 1st Rnd.,M. Williams,A. Davis
New Orleans Pelicans,2013-14,NBA,New Orleans Pelicans,34,48,.415,5th of 5,-1.98,92.2,-1.7,107.2,0.5,110.1,3.4,,M. Williams,A. Davis
New Orleans Pelicans,2012-13,NBA,New Orleans Hornets,27,55,.329,5th of 5,-3.12,88.5,-3.5,105.7,-0.2,110.1,4.2,,M. Williams,R. Anderson
New Orleans Pelicans,2011-12,NBA,New Orleans Hornets,21,45,.318,5th of 5,-3.11,88.3,-3.0,100.9,-3.7,105.1,0.5,,M. Williams,J. Jack
New Orleans Pelicans,2010-11,NBA,New Orleans Hornets,46,36,.561,3rd of 5,1.28,88.7,-3.4,106.2,-1.1,105.2,-2.1,Lost W. Conf. 1st Rnd.,M. Williams,C. Paul
New Orleans Pelicans,2009-10,NBA,New Orleans Hornets,37,45,.451,5th of 5,-2.27,92.6,-0.1,107.4,-0.2,110.1,2.5,,B. Scott,D. West
Minnesota Timberwolves,2020-21,NBA,Minnesota Timberwolves,23,49,.319,4th of 5,-5.25,101.6,2.4,109.5,-2.8,115.0,2.7,,R. Saunders,K. Towns
Minnesota Timberwolves,2019-20,NBA,Minnesota Timberwolves,19,45,.297,5th of 5,-4.02,103.4,3.1,108.1,-2.5,112.2,1.6,,R. Saunders,K. Towns
Minnesota Timberwolves,2018-19,NBA,Minnesota Timberwolves,36,46,.439,5th of 5,-1.02,100.2,0.2,111.4,1.0,112.9,2.5,,T. Thibodeau,K. Towns
Minnesota Timberwolves,2017-18,NBA,Minnesota Timberwolves,47,35,.573,4th of 5,2.35,96.0,-1.3,113.4,4.8,111.1,2.5,Lost W. Conf. 1st Rnd.,T. Thibodeau,K. Towns
Minnesota Timberwolves,2016-17,NBA,Minnesota Timberwolves,31,51,.378,5th of 5,-0.64,94.6,-1.8,110.8,2.0,112.0,3.2,,T. Thibodeau,K. Towns
Minnesota Timberwolves,2015-16,NBA,Minnesota Timberwolves,29,53,.354,5th of 5,-3.38,95.2,-0.6,106.5,0.1,110.1,3.7,,S. Mitchell,K. Towns
Minnesota Timberwolves,2014-15,NBA,Minnesota Timberwolves,16,66,.195,5th of 5,-8.00,94.4,0.5,102.9,-2.7,112.2,6.6,,F. Saunders,G. Dieng
Minnesota Timberwolves,2013-14,NBA,Minnesota Timberwolves,40,42,.488,3rd of 5,3.10,97.3,3.4,108.9,2.2,106.2,-0.5,,R. Adelman,K. Love
Minnesota Timberwolves,2012-13,NBA,Minnesota Timberwolves,31,51,.378,5th of 5,-1.83,92.8,0.8,102.9,-3.0,105.4,-0.5,,R. Adelman,N. Peković
Minnesota Timberwolves,2011-12,NBA,Minnesota Timberwolves,26,40,.394,5th of 5,-1.83,93.3,2.0,104.3,-0.3,106.6,2.0,,R. Adelman,K. Love
Minnesota Timberwolves,2010-11,NBA,Minnesota Timberwolves,17,65,.207,5th of 5,-5.97,96.5,4.4,104.2,-3.1,111.1,3.8,,K. Rambis,K. Love
Minnesota Timberwolves,2009-10,NBA,Minnesota Timberwolves,15,67,.183,5th of 5,-9.06,96.1,3.4,101.7,-5.9,111.6,4.0,,K. Rambis,K. Love
Milwaukee Bucks,2020-21,NBA,Milwaukee Bucks,46,26,.639,1st of 5,5.57,102.2,3.0,117.2,4.9,111.4,-0.9,Won Finals,M. Budenholzer,G. Antetokounmpo
Milwaukee Bucks,2019-20,NBA,Milwaukee Bucks,56,17,.767,1st of 5,9.41,105.1,4.8,112.4,1.8,102.9,-7.7,Lost E. Conf. Semis,M. Budenholzer,G. Antetokounmpo
Milwaukee Bucks,2018-19,NBA,Milwaukee Bucks,60,22,.732,1st of 5,8.04,103.3,3.3,113.8,3.4,105.2,-5.2,Lost E. Conf. Finals,M. Budenholzer,G. Antetokounmpo
Milwaukee Bucks,2017-18,NBA,Milwaukee Bucks,44,38,.537,3rd of 5,-0.45,96.2,-1.1,109.8,1.2,110.1,1.5,Lost E. Conf. 1st Rnd.,J. Kidd,G. Antetokounmpo
Milwaukee Bucks,2016-17,NBA,Milwaukee Bucks,42,40,.512,2nd of 5,-0.45,94.5,-1.9,109.1,0.3,109.3,0.5,Lost E. Conf. 1st Rnd.,J. Kidd,G. Antetokounmpo
Milwaukee Bucks,2015-16,NBA,Milwaukee Bucks,33,49,.402,5th of 5,-3.98,94.2,-1.6,104.3,-2.1,108.7,2.3,,J. Kidd,G. Monroe
Milwaukee Bucks,2014-15,NBA,Milwaukee Bucks,41,41,.500,3rd of 5,-0.09,94.1,0.2,102.7,-2.9,102.2,-3.4,Lost E. Conf. 1st Rnd.,J. Kidd,K. Middleton
Milwaukee Bucks,2013-14,NBA,Milwaukee Bucks,15,67,.183,5th of 5,-8.41,91.8,-2.1,103.0,-3.7,111.8,5.1,,L. Drew,J. Henson
Milwaukee Bucks,2012-13,NBA,Milwaukee Bucks,38,44,.463,3rd of 5,-1.83,94.7,2.7,103.6,-2.3,105.2,-0.7,Lost E. Conf. 1st Rnd.,S. Skiles,E. İlyasova
Milwaukee Bucks,2011-12,NBA,Milwaukee Bucks,31,35,.470,3rd of 5,-0.23,93.7,2.4,105.5,0.9,105.2,0.6,,S. Skiles,E. İlyasova
Milwaukee Bucks,2010-11,NBA,Milwaukee Bucks,35,47,.427,3rd of 5,-1.02,89.8,-2.3,101.6,-5.7,102.5,-4.8,,S. Skiles,A. Bogut
Milwaukee Bucks,2009-10,NBA,Milwaukee Bucks,46,36,.561,2nd of 5,1.37,91.7,-1.0,104.9,-2.7,103.1,-4.5,Lost E. Conf. 1st Rnd.,S. Skiles,A. Bogut
Miami Heat,2020-21,NBA,Miami Heat,40,32,.556,2nd of 5,-0.06,96.6,-2.6,111.2,-1.1,111.2,-1.1,Lost E. Conf. 1st Rnd.,E. Spoelstra,J. Butler
Miami Heat,2019-20,NBA,Miami Heat,44,29,.603,1st of 5,2.59,98.3,-2.0,112.5,1.9,109.5,-1.1,Lost Finals,E. Spoelstra,J. Butler
Miami Heat,2018-19,NBA,Miami Heat,39,43,.476,3rd of 5,-0.45,98.2,-1.8,107.3,-3.1,107.6,-2.8,,E. Spoelstra,B. Adebayo
Miami Heat,2017-18,NBA,Miami Heat,44,38,.537,1st of 5,0.15,95.6,-1.7,106.8,-1.8,106.3,-2.3,Lost E. Conf. 1st Rnd.,E. Spoelstra,K. Olynyk
Miami Heat,2016-17,NBA,Miami Heat,41,41,.500,3rd of 5,0.77,95.2,-1.2,107.8,-1.0,106.7,-2.1,,E. Spoelstra,H. Whiteside
Miami Heat,2015-16,NBA,Miami Heat,48,34,.585,1st of 5,1.50,93.6,-2.2,106.1,-0.3,104.4,-2.0,Lost E. Conf. Semis,E. Spoelstra,H. Whiteside
Miami Heat,2014-15,NBA,Miami Heat,37,45,.451,3rd of 5,-2.92,90.9,-3.0,103.9,-1.7,106.7,1.1,,E. Spoelstra,L. Deng
Miami Heat,2013-14,NBA,Miami Heat,54,28,.659,1st of 5,4.15,91.2,-2.7,110.9,4.2,105.8,-0.9,Lost Finals,E. Spoelstra,L. James
Miami Heat,2012-13,NBA,Miami Heat,66,16,.805,1st of 5,7.03,90.7,-1.3,112.3,6.4,103.7,-2.2,Won Finals,E. Spoelstra,L. James
Miami Heat,2011-12,NBA,Miami Heat,46,20,.697,1st of 5,5.72,91.2,-0.1,106.6,2.0,100.2,-4.4,Won Finals,E. Spoelstra,L. James
Miami Heat,2010-11,NBA,Miami Heat,58,24,.707,1st of 5,6.76,90.9,-1.2,111.7,4.4,103.5,-3.8,Lost Finals,E. Spoelstra,L. James
Miami Heat,2009-10,NBA,Miami Heat,47,35,.573,3rd of 5,1.99,89.6,-3.1,106.6,-1.0,104.1,-3.5,Lost E. Conf. 1st Rnd.,E. Spoelstra,D. Wade
Memphis Grizzlies,2020-21,NBA,Memphis Grizzlies,38,34,.528,2nd of 5,1.07,100.4,1.2,112.0,-0.3,111.0,-1.3,Lost W. Conf. 1st Rnd.,T. Jenkins,J. Valančiūnas
Memphis Grizzlies,2019-20,NBA,Memphis Grizzlies,34,39,.466,3rd of 5,-0.91,102.8,2.5,109.2,-1.4,110.3,-0.3,,T. Jenkins,J. Valančiūnas
Memphis Grizzlies,2018-19,NBA,Memphis Grizzlies,33,49,.402,3rd of 5,-2.08,96.6,-3.4,106.1,-4.3,108.8,-1.6,,J. Bickerstaff,M. Conley
Memphis Grizzlies,2017-18,NBA,Memphis Grizzlies,22,60,.268,5th of 5,-5.81,94.9,-2.4,104.5,-4.1,111.0,2.4,,D. Fizdale,T. Evans
Memphis Grizzlies,2016-17,NBA,Memphis Grizzlies,43,39,.524,3rd of 5,0.96,92.3,-4.1,107.7,-1.1,107.1,-1.7,Lost W. Conf. 1st Rnd.,D. Fizdale,M. Conley
Memphis Grizzlies,2015-16,NBA,Memphis Grizzlies,42,40,.512,3rd of 5,-2.14,93.3,-2.5,105.4,-1.0,107.8,1.4,Lost W. Conf. 1st Rnd.,D. Joerger,M. Conley
Memphis Grizzlies,2014-15,NBA,Memphis Grizzlies,55,27,.671,2nd of 5,3.62,92.0,-1.9,105.7,0.1,102.2,-3.4,Lost W. Conf. Semis,D. Joerger,M. Gasol
Memphis Grizzlies,2013-14,NBA,Memphis Grizzlies,50,32,.610,3rd of 5,2.18,89.9,-4.0,106.3,-0.4,104.6,-2.1,Lost W. Conf. 1st Rnd.,D. Joerger,M. Conley
Memphis Grizzlies,2012-13,NBA,Memphis Grizzlies,56,26,.683,2nd of 5,4.32,88.4,-3.6,104.9,-1.0,100.3,-5.6,Lost W. Conf. Finals,L. Hollins,M. Gasol
Memphis Grizzlies,2011-12,NBA,Memphis Grizzlies,41,25,.621,2nd of 5,2.43,90.8,-0.5,104.0,-0.6,101.8,-2.8,Lost W. Conf. 1st Rnd.,L. Hollins,M. Gasol
Memphis Grizzlies,2010-11,NBA,Memphis Grizzlies,46,36,.561,4th of 5,2.55,91.9,-0.2,107.6,0.3,105.1,-2.2,Lost W. Conf. Semis,L. Hollins,Z. Randolph
Memphis Grizzlies,2009-10,NBA,Memphis Grizzlies,40,42,.488,4th of 5,-1.39,93.6,0.9,108.3,0.7,109.9,2.3,,L. Hollins,Z. Randolph
Los Angeles Lakers,2020-21,NBA,Los Angeles Lakers,42,30,.583,3rd of 5,2.77,98.7,-0.5,109.9,-2.4,107.1,-5.2,Lost W. Conf. 1st Rnd.,F. Vogel,M. Harrell
Los Angeles Lakers,2019-20,NBA,Los Angeles Lakers,52,19,.732,1st of 5,6.28,100.9,0.6,112.0,1.4,106.3,-4.3,Won Finals,F. Vogel,A. Davis
Los Angeles Lakers,2018-19,NBA,Los Angeles Lakers,37,45,.451,4th of 5,-1.33,103.2,3.2,107.8,-2.6,109.5,-0.9,,L. Walton,L. James
Los Angeles Lakers,2017-18,NBA,Los Angeles Lakers,35,47,.427,3rd of 5,-1.44,100.3,3.0,106.5,-2.1,108.0,-0.6,,L. Walton,J. Randle
Los Angeles Lakers,2016-17,NBA,Los Angeles Lakers,26,56,.317,4th of 5,-6.29,98.5,2.1,106.0,-2.8,113.0,4.2,,L. Walton,L. Williams
Los Angeles Lakers,2015-16,NBA,Los Angeles Lakers,17,65,.207,5th of 5,-8.92,95.6,-0.2,101.6,-4.8,111.6,5.2,,B. Scott,L. Williams
Los Angeles Lakers,2014-15,NBA,Los Angeles Lakers,21,61,.256,5th of 5,-6.17,94.0,0.1,103.4,-2.2,110.6,5.0,,B. Scott,E. Davis
Los Angeles Lakers,2013-14,NBA,Los Angeles Lakers,27,55,.329,5th of 5,-5.33,98.7,4.8,104.2,-2.5,110.6,3.9,,M. D'Antoni,J. Meeks
Los Angeles Lakers,2012-13,NBA,Los Angeles Lakers,45,37,.549,3rd of 5,1.48,94.4,2.4,107.8,1.9,106.6,0.7,Lost W. Conf. 1st Rnd.,M. Brown,K. Bryant
Los Angeles Lakers,2011-12,NBA,Los Angeles Lakers,41,25,.621,1st of 5,1.96,90.5,-0.8,106.0,1.4,104.4,-0.2,Lost W. Conf. Semis,M. Brown,P. Gasol
Los Angeles Lakers,2010-11,NBA,Los Angeles Lakers,57,25,.695,1st of 5,6.01,90.7,-1.4,111.0,3.7,104.3,-3.0,Lost W. Conf. Semis,P. Jackson,P. Gasol
Los Angeles Lakers,2009-10,NBA,Los Angeles Lakers,57,25,.695,1st of 5,4.78,92.8,0.1,108.8,1.2,103.7,-3.9,Won Finals,P. Jackson,P. Gasol
Los Angeles Clippers,2020-21,NBA,Los Angeles Clippers,47,25,.653,2nd of 5,6.02,96.9,-2.3,117.6,5.3,111.2,-1.1,Lost W. Conf. Finals,T. Lue,K. Leonard
Los Angeles Clippers,2019-20,NBA,Los Angeles Clippers,49,23,.681,2nd of 5,6.66,101.5,1.2,113.9,3.3,107.6,-3.0,Lost W. Conf. Semis,D. Rivers,K. Leonard
Los Angeles Clippers,2018-19,NBA,Los Angeles Clippers,48,34,.585,2nd of 5,1.09,101.7,1.7,112.4,2.0,111.5,1.1,Lost W. Conf. 1st Rnd.,D. Rivers,M. Harrell
Los Angeles Clippers,2017-18,NBA,Los Angeles Clippers,42,40,.512,2nd of 5,0.15,98.7,1.4,110.3,1.7,110.2,1.6,,D. Rivers,D. Jordan
Los Angeles Clippers,2016-17,NBA,Los Angeles Clippers,51,31,.622,2nd of 5,4.42,96.1,-0.3,112.7,3.9,108.2,-0.6,Lost W. Conf. 1st Rnd.,D. Rivers,D. Jordan
Los Angeles Clippers,2015-16,NBA,Los Angeles Clippers,53,29,.646,2nd of 5,4.13,95.8,0.0,108.3,1.9,103.8,-2.6,Lost W. Conf. 1st Rnd.,D. Rivers,C. Paul
Los Angeles Clippers,2014-15,NBA,Los Angeles Clippers,56,26,.683,2nd of 5,6.80,94.7,0.8,112.4,6.8,105.5,-0.1,Lost W. Conf. Semis,D. Rivers,C. Paul
Los Angeles Clippers,2013-14,NBA,Los Angeles Clippers,57,25,.695,1st of 5,7.27,95.9,2.0,112.1,5.4,104.8,-1.9,Lost W. Conf. Semis,D. Rivers,B. Griffin
Los Angeles Clippers,2012-13,NBA,Los Angeles Clippers,56,26,.683,1st of 5,6.43,91.1,-0.9,110.6,4.7,103.6,-2.3,Lost W. Conf. 1st Rnd.,V. Del Negro,C. Paul
Los Angeles Clippers,2011-12,NBA,Los Angeles Clippers,40,26,.606,2nd of 5,2.82,89.2,-2.1,108.5,3.9,105.7,1.1,Lost W. Conf. Semis,V. Del Negro,C. Paul
Los Angeles Clippers,2010-11,NBA,Los Angeles Clippers,32,50,.390,4th of 5,-2.71,92.8,0.7,105.3,-2.0,108.7,1.4,,V. Del Negro,B. Griffin
Los Angeles Clippers,2009-10,NBA,Los Angeles Clippers,29,53,.354,3rd of 5,-6.01,92.6,-0.1,103.3,-4.3,110.1,2.5,,M. Dunleavy,M. Camby
Indiana Pacers,2020-21,NBA,Indiana Pacers,34,38,.472,2nd of 5,-0.13,101.6,2.4,112.4,0.1,112.4,0.1,,N. Bjorkgren,D. Sabonis
Indiana Pacers,2019-20,NBA,Indiana Pacers,45,28,.616,2nd of 5,1.63,98.9,-1.4,110.0,-0.6,108.0,-2.6,Lost E. Conf. 1st Rnd.,N. McMillan,D. Sabonis
Indiana Pacers,2018-19,NBA,Indiana Pacers,48,34,.585,2nd of 5,2.76,98.1,-1.9,109.9,-0.5,106.5,-3.9,Lost E. Conf. 1st Rnd.,N. McMillan,D. Sabonis
Indiana Pacers,2017-18,NBA,Indiana Pacers,48,34,.585,2nd of 5,1.18,96.0,-1.3,109.5,0.9,108.1,-0.5,Lost E. Conf. 1st Rnd.,N. McMillan,V. Oladipo
Indiana Pacers,2016-17,NBA,Indiana Pacers,42,40,.512,3rd of 5,-0.64,95.9,-0.5,108.6,-0.2,108.8,0.0,Lost E. Conf. 1st Rnd.,N. McMillan,J. Teague
Indiana Pacers,2015-16,NBA,Indiana Pacers,45,37,.549,2nd of 5,1.62,96.6,0.8,104.6,-1.8,102.9,-3.5,Lost E. Conf. 1st Rnd.,F. Vogel,P. George
Indiana Pacers,2014-15,NBA,Indiana Pacers,38,44,.463,4th of 5,-0.23,93.2,-0.7,103.5,-2.1,103.2,-2.4,,F. Vogel,G. Hill
Indiana Pacers,2013-14,NBA,Indiana Pacers,56,26,.683,1st of 5,3.63,92.5,-1.4,104.1,-2.6,99.3,-7.4,Lost E. Conf. Finals,F. Vogel,P. George
Indiana Pacers,2012-13,NBA,Indiana Pacers,49,32,.605,1st of 5,3.34,90.2,-1.8,104.3,-1.6,99.8,-6.1,Lost E. Conf. Finals,F. Vogel,G. Hill
Indiana Pacers,2011-12,NBA,Indiana Pacers,42,24,.636,2nd of 5,2.60,90.7,-0.6,106.7,2.1,103.1,-1.5,Lost E. Conf. Semis,F. Vogel,D. Granger
Indiana Pacers,2010-11,NBA,Indiana Pacers,37,45,.451,2nd of 5,-1.38,94.7,2.6,104.8,-2.5,106.0,-1.3,Lost E. Conf. 1st Rnd.,J. O'Brien,D. Granger
Indiana Pacers,2009-10,NBA,Indiana Pacers,32,50,.390,4th of 5,-3.11,97.1,4.4,103.7,-3.9,106.8,-0.8,,J. O'Brien,T. Murphy
Houston Rockets,2020-21,NBA,Houston Rockets,17,55,.236,5th of 5,-7.50,101.4,2.2,107.1,-5.2,114.9,2.6,,S. Silas,J. Tate
Houston Rockets,2019-20,NBA,Houston Rockets,44,28,.611,1st of 5,3.13,103.7,3.4,112.9,2.3,110.1,-0.5,Lost W. Conf. Semis,M. D'Antoni,J. Harden
Houston Rockets,2018-19,NBA,Houston Rockets,53,29,.646,1st of 5,4.96,97.9,-2.1,115.5,5.1,110.7,0.3,Lost W. Conf. Semis,M. D'Antoni,J. Harden
Houston Rockets,2017-18,NBA,Houston Rockets,65,17,.793,1st of 5,8.21,97.6,0.3,114.7,6.1,106.1,-2.5,Lost W. Conf. Finals,M. D'Antoni,J. Harden
Houston Rockets,2016-17,NBA,Houston Rockets,55,27,.671,2nd of 5,5.84,100.0,3.6,114.7,5.9,109.0,0.2,Lost W. Conf. Semis,M. D'Antoni,J. Harden
Houston Rockets,2015-16,NBA,Houston Rockets,41,41,.500,4th of 5,0.34,97.6,1.8,108.3,1.9,108.1,1.7,Lost W. Conf. 1st Rnd.,K. McHale,J. Harden
Houston Rockets,2014-15,NBA,Houston Rockets,56,26,.683,1st of 5,3.82,96.5,2.6,107.0,1.4,103.4,-2.2,Lost W. Conf. Finals,K. McHale,J. Harden
Houston Rockets,2013-14,NBA,Houston Rockets,54,28,.659,2nd of 5,5.06,96.3,2.4,111.0,4.3,106.3,-0.4,Lost W. Conf. 1st Rnd.,K. McHale,J. Harden
Houston Rockets,2012-13,NBA,Houston Rockets,45,37,.549,3rd of 5,3.69,96.1,4.1,109.7,3.8,106.1,0.2,Lost W. Conf. 1st Rnd.,K. McHale,J. Harden
Houston Rockets,2011-12,NBA,Houston Rockets,34,32,.515,4th of 5,0.57,91.7,0.4,105.5,0.9,105.2,0.6,,K. McHale,G. Dragić
Houston Rockets,2010-11,NBA,Houston Rockets,43,39,.524,5th of 5,2.37,94.2,2.1,111.3,4.0,109.0,1.7,,R. Adelman,K. Martin
Houston Rockets,2009-10,NBA,Houston Rockets,42,40,.512,3rd of 5,-0.02,94.0,1.3,107.6,0.0,108.0,0.4,,R. Adelman,L. Scola
Golden State Warriors,2020-21,NBA,Golden State Warriors,39,33,.542,4th of 5,1.10,102.2,3.0,111.1,-1.2,110.1,-2.2,,S. Kerr,S. Curry
Golden State Warriors,2019-20,NBA,Golden State Warriors,15,50,.231,5th of 5,-8.12,100.3,0.0,105.2,-5.4,113.8,3.2,,S. Kerr,M. Chriss
Golden State Warriors,2018-19,NBA,Golden State Warriors,57,25,.695,1st of 5,6.42,100.9,0.9,115.9,5.5,109.5,-0.9,Lost Finals,S. Kerr,K. Durant
Golden State Warriors,2017-18,NBA,Golden State Warriors,58,24,.707,1st of 5,5.79,99.6,2.3,113.6,5.0,107.6,-1.0,Won Finals,S. Kerr,K. Durant
Golden State Warriors,2016-17,NBA,Golden State Warriors,67,15,.817,1st of 5,11.35,99.8,3.4,115.6,6.8,104.0,-4.8,Won Finals,S. Kerr,S. Curry
Golden State Warriors,2015-16,NBA,Golden State Warriors,73,9,.890,1st of 5,10.38,99.3,3.5,114.5,8.1,103.8,-2.6,Lost Finals,S. Kerr,S. Curry
Golden State Warriors,2014-15,NBA,Golden State Warriors,67,15,.817,1st of 5,10.01,98.3,4.4,111.6,6.0,101.4,-4.2,Won Finals,S. Kerr,S. Curry
Golden State Warriors,2013-14,NBA,Golden State Warriors,51,31,.622,2nd of 5,5.15,96.2,2.3,107.5,0.8,102.6,-4.1,Lost W. Conf. 1st Rnd.,M. Jackson,S. Curry
Golden State Warriors,2012-13,NBA,Golden State Warriors,47,35,.573,2nd of 5,1.32,94.5,2.5,106.4,0.5,105.5,-0.4,Lost W. Conf. Semis,M. Jackson,S. Curry
Golden State Warriors,2011-12,NBA,Golden State Warriors,23,43,.348,4th of 5,-2.79,92.3,1.0,105.4,0.8,109.1,4.5,,M. Jackson,D. Lee
Golden State Warriors,2010-11,NBA,Golden State Warriors,36,46,.439,3rd of 5,-2.00,94.8,2.7,108.2,0.9,110.7,3.4,,K. Smart,S. Curry
Golden State Warriors,2009-10,NBA,Golden State Warriors,26,56,.317,4th of 5,-3.28,100.4,7.7,108.1,0.5,111.7,4.1,,D. Nelson,C. Maggette
Detroit Pistons,2020-21,NBA,Detroit Pistons,20,52,.278,5th of 5,-4.38,97.9,-1.3,108.0,-4.3,112.5,0.2,,D. Casey,M. Plumlee
Detroit Pistons,2019-20,NBA,Detroit Pistons,20,46,.303,4th of 5,-4.38,97.6,-2.7,109.0,-1.6,112.7,2.1,,D. Casey,C. Wood
Detroit Pistons,2018-19,NBA,Detroit Pistons,41,41,.500,3rd of 5,-0.56,97.4,-2.6,109.0,-1.4,109.2,-1.2,Lost E. Conf. 1st Rnd.,D. Casey,A. Drummond
Detroit Pistons,2017-18,NBA,Detroit Pistons,39,43,.476,4th of 5,-0.26,96.2,-1.1,107.2,-1.4,107.3,-1.3,,S. Van Gundy,A. Drummond
Detroit Pistons,2016-17,NBA,Detroit Pistons,37,45,.451,5th of 5,-1.29,95.0,-1.4,106.0,-2.8,107.1,-1.7,,S. Van Gundy,T. Harris
Detroit Pistons,2015-16,NBA,Detroit Pistons,44,38,.537,3rd of 5,0.43,95.1,-0.7,106.1,-0.3,105.5,-0.9,Lost E. Conf. 1st Rnd.,S. Van Gundy,A. Drummond
Detroit Pistons,2014-15,NBA,Detroit Pistons,32,50,.390,5th of 5,-1.39,92.8,-1.1,105.3,-0.3,106.4,0.8,,S. Van Gundy,A. Drummond
Detroit Pistons,2013-14,NBA,Detroit Pistons,29,53,.354,4th of 5,-4.13,94.9,1.0,105.9,-0.8,109.7,3.0,,M. Cheeks,A. Drummond
Detroit Pistons,2012-13,NBA,Detroit Pistons,29,53,.354,4th of 5,-4.33,90.8,-1.2,103.8,-2.1,108.1,2.2,,L. Frank,G. Monroe
Detroit Pistons,2011-12,NBA,Detroit Pistons,25,41,.379,4th of 5,-5.19,89.2,-2.1,101.0,-3.6,106.3,1.7,,L. Frank,G. Monroe
Detroit Pistons,2010-11,NBA,Detroit Pistons,30,52,.366,4th of 5,-3.78,89.2,-2.9,107.7,0.4,111.7,4.4,,J. Kuester,G. Monroe
Detroit Pistons,2009-10,NBA,Detroit Pistons,27,55,.329,5th of 5,-5.02,88.5,-4.2,105.6,-2.0,111.4,3.8,,J. Kuester,B. Wallace
Denver Nuggets,2020-21,NBA,Denver Nuggets,47,25,.653,2nd of 5,4.82,97.1,-2.1,117.1,4.8,112.1,-0.2,Lost W. Conf. Semis,M. Malone,N. Jokić
Denver Nuggets,2019-20,NBA,Denver Nuggets,46,27,.630,1st of 5,2.35,97.1,-3.2,113.1,2.5,111.0,0.4,Lost W. Conf. Finals,M. Malone,N. Jokić
Denver Nuggets,2018-19,NBA,Denver Nuggets,54,28,.659,1st of 5,4.19,97.7,-2.3,113.0,2.6,108.9,-1.5,Lost W. Conf. Semis,M. Malone,N. Jokić
Denver Nuggets,2017-18,NBA,Denver Nuggets,46,36,.561,5th of 5,1.57,96.8,-0.5,112.5,3.9,111.0,2.4,,M. Malone,N. Jokić
Denver Nuggets,2016-17,NBA,Denver Nuggets,40,42,.488,4th of 5,0.70,98.3,1.9,113.2,4.4,112.7,3.9,,M. Malone,N. Jokić
Denver Nuggets,2015-16,NBA,Denver Nuggets,33,49,.402,4th of 5,-2.81,95.7,-0.1,105.6,-0.8,108.9,2.5,,M. Malone,N. Jokić
Denver Nuggets,2014-15,NBA,Denver Nuggets,30,52,.366,4th of 5,-3.07,96.1,2.2,104.5,-1.1,108.2,2.6,,B. Shaw,T. Lawson
Denver Nuggets,2013-14,NBA,Denver Nuggets,36,46,.439,4th of 5,-1.40,98.1,4.2,106.0,-0.7,108.2,1.5,,B. Shaw,K. Faried
Denver Nuggets,2012-13,NBA,Denver Nuggets,57,25,.695,2nd of 5,5.37,95.1,3.1,110.4,4.5,105.1,-0.8,Lost W. Conf. 1st Rnd.,G. Karl,K. Faried
Denver Nuggets,2011-12,NBA,Denver Nuggets,38,28,.576,2nd of 5,3.16,94.2,2.9,109.2,4.6,106.2,1.6,Lost W. Conf. 1st Rnd.,G. Karl,T. Lawson
Denver Nuggets,2010-11,NBA,Denver Nuggets,50,32,.610,2nd of 5,4.81,95.6,3.5,112.3,5.0,107.3,0.0,Lost W. Conf. 1st Rnd.,G. Karl,N. Hilário
Denver Nuggets,2009-10,NBA,Denver Nuggets,53,29,.646,1st of 5,4.15,94.8,2.1,111.8,4.2,107.5,-0.1,Lost W. Conf. 1st Rnd.,G. Karl,N. Hilário
Dallas Mavericks,2020-21,NBA,Dallas Mavericks,42,30,.583,1st of 5,2.26,97.3,-1.9,115.4,3.1,113.0,0.7,Lost W. Conf. 1st Rnd.,R. Carlisle,L. Dončić
Dallas Mavericks,2019-20,NBA,Dallas Mavericks,43,32,.573,2nd of 5,4.87,99.3,-1.0,116.7,6.1,111.7,1.1,Lost W. Conf. 1st Rnd.,R. Carlisle,L. Dončić
Dallas Mavericks,2018-19,NBA,Dallas Mavericks,33,49,.402,5th of 5,-0.87,99.0,-1.0,109.4,-1.0,110.7,0.3,,R. Carlisle,D. Powell
Dallas Mavericks,2017-18,NBA,Dallas Mavericks,24,58,.293,4th of 5,-2.70,95.6,-1.7,106.3,-2.3,109.5,0.9,,R. Carlisle,D. Powell
Dallas Mavericks,2016-17,NBA,Dallas Mavericks,33,49,.402,5th of 5,-2.53,92.2,-4.2,105.6,-3.2,108.8,0.0,,R. Carlisle,S. Curry
Dallas Mavericks,2015-16,NBA,Dallas Mavericks,42,40,.512,2nd of 5,-0.02,94.3,-1.5,106.7,0.3,107.0,0.6,Lost W. Conf. 1st Rnd.,R. Carlisle,D. Nowitzki
Dallas Mavericks,2014-15,NBA,Dallas Mavericks,50,32,.610,4th of 5,3.36,95.2,1.3,109.5,3.9,106.4,0.8,Lost W. Conf. 1st Rnd.,R. Carlisle,T. Chandler
Dallas Mavericks,2013-14,NBA,Dallas Mavericks,49,33,.598,4th of 5,2.91,93.5,-0.4,111.2,4.5,108.7,2.0,Lost W. Conf. 1st Rnd.,R. Carlisle,D. Nowitzki
Dallas Mavericks,2012-13,NBA,Dallas Mavericks,41,41,.500,4th of 5,-0.24,94.1,2.1,105.9,0.0,106.5,0.6,,R. Carlisle,V. Carter
Dallas Mavericks,2011-12,NBA,Dallas Mavericks,36,30,.545,3rd of 5,1.78,91.4,0.1,103.3,-1.3,102.3,-2.3,Lost W. Conf. 1st Rnd.,R. Carlisle,D. Nowitzki
Dallas Mavericks,2010-11,NBA,Dallas Mavericks,57,25,.695,2nd of 5,4.41,91.3,-0.8,109.7,2.4,105.0,-2.3,Won Finals,R. Carlisle,D. Nowitzki
Dallas Mavericks,2009-10,NBA,Dallas Mavericks,55,27,.671,1st of 5,2.66,92.5,-0.2,109.2,1.6,106.3,-1.3,Lost W. Conf. 1st Rnd.,R. Carlisle,D. Nowitzki
Cleveland Cavaliers,2020-21,NBA,Cleveland Cavaliers,22,50,.306,4th of 5,-8.19,97.3,-1.9,105.8,-6.5,114.4,2.1,,J. Bickerstaff,J. Allen
Cleveland Cavaliers,2019-20,NBA,Cleveland Cavaliers,19,46,.292,5th of 5,-7.77,98.7,-1.6,107.5,-3.1,115.4,4.8,,J. Beilein,L. Nance
Cleveland Cavaliers,2018-19,NBA,Cleveland Cavaliers,19,63,.232,5th of 5,-9.39,96.6,-3.4,107.7,-2.7,117.6,7.2,,T. Lue,L. Nance
Cleveland Cavaliers,2017-18,NBA,Cleveland Cavaliers,50,32,.610,1st of 5,0.59,98.0,0.7,112.9,4.3,111.9,3.3,Lost Finals,T. Lue,L. James
Cleveland Cavaliers,2016-17,NBA,Cleveland Cavaliers,51,31,.622,1st of 5,2.87,96.2,-0.2,113.6,4.8,110.3,1.5,Lost Finals,T. Lue,L. James
Cleveland Cavaliers,2015-16,NBA,Cleveland Cavaliers,57,25,.695,1st of 5,5.45,93.3,-2.5,110.9,4.5,104.5,-1.9,Won Finals,D. Blatt,L. James
Cleveland Cavaliers,2014-15,NBA,Cleveland Cavaliers,53,29,.646,1st of 5,4.08,92.3,-1.6,111.1,5.5,106.3,0.7,Lost Finals,D. Blatt,K. Irving
Cleveland Cavaliers,2013-14,NBA,Cleveland Cavaliers,33,49,.402,3rd of 5,-3.86,93.1,-0.8,104.2,-2.5,107.7,1.0,,M. Brown,K. Irving
Cleveland Cavaliers,2012-13,NBA,Cleveland Cavaliers,24,58,.293,5th of 5,-4.87,92.3,0.3,104.3,-1.6,109.4,3.5,,B. Scott,K. Irving
Cleveland Cavaliers,2011-12,NBA,Cleveland Cavaliers,21,45,.318,5th of 5,-7.34,91.3,0.0,101.1,-3.5,108.9,4.3,,B. Scott,K. Irving
Cleveland Cavaliers,2010-11,NBA,Cleveland Cavaliers,19,63,.232,5th of 5,-8.88,93.0,0.9,102.2,-5.1,111.8,4.5,,B. Scott,R. Sessions
Cleveland Cavaliers,2009-10,NBA,Cleveland Cavaliers,61,21,.744,1st of 5,6.17,91.4,-1.3,111.2,3.6,104.1,-3.5,Lost E. Conf. Semis,M. Brown,L. James
Chicago Bulls,2020-21,NBA,Chicago Bulls,31,41,.431,3rd of 5,-0.94,99.0,-0.2,111.1,-1.2,112.0,-0.3,,B. Donovan,Z. LaVine
Chicago Bulls,2019-20,NBA,Chicago Bulls,22,43,.338,3rd of 5,-4.00,99.7,-0.6,106.7,-3.9,109.8,-0.8,,J. Boylen,Z. LaVine
Chicago Bulls,2018-19,NBA,Chicago Bulls,22,60,.268,4th of 5,-8.32,99.0,-1.0,104.8,-5.6,113.2,2.8,,F. Hoiberg,R. Arcidiacono
Chicago Bulls,2017-18,NBA,Chicago Bulls,27,55,.329,5th of 5,-6.84,98.3,1.0,103.8,-4.8,110.9,2.3,,F. Hoiberg,B. Portis
Chicago Bulls,2016-17,NBA,Chicago Bulls,41,41,.500,4th of 5,0.03,95.3,-1.1,107.4,-1.4,107.0,-1.8,Lost E. Conf. 1st Rnd.,F. Hoiberg,J. Butler
Chicago Bulls,2015-16,NBA,Chicago Bulls,42,40,.512,4th of 5,-1.46,95.7,-0.1,105.0,-1.4,106.5,0.1,,F. Hoiberg,J. Butler
Chicago Bulls,2014-15,NBA,Chicago Bulls,50,32,.610,2nd of 5,2.54,92.8,-1.1,107.5,1.9,104.3,-1.3,Lost E. Conf. Semis,T. Thibodeau,J. Butler
Chicago Bulls,2013-14,NBA,Chicago Bulls,48,34,.585,2nd of 5,1.20,90.2,-3.7,102.5,-4.2,100.5,-6.2,Lost E. Conf. 1st Rnd.,T. Thibodeau,J. Noah
Chicago Bulls,2012-13,NBA,Chicago Bulls,45,37,.549,2nd of 5,-0.02,89.3,-2.7,103.5,-2.4,103.2,-2.7,Lost E. Conf. Semis,T. Thibodeau,J. Noah
Chicago Bulls,2011-12,NBA,Chicago Bulls,50,16,.758,1st of 5,7.43,89.1,-2.2,107.4,2.8,98.3,-6.3,Lost E. Conf. 1st Rnd.,T. Thibodeau,J. Noah
Chicago Bulls,2010-11,NBA,Chicago Bulls,62,20,.756,1st of 5,6.53,90.4,-1.7,108.3,1.0,100.3,-7.0,Lost E. Conf. Finals,T. Thibodeau,D. Rose
Chicago Bulls,2009-10,NBA,Chicago Bulls,41,41,.500,3rd of 5,-1.64,93.1,0.4,103.5,-4.1,105.3,-2.3,Lost E. Conf. 1st Rnd.,V. Del Negro,J. Noah
Charlotte Hornets,2020-21,NBA,Charlotte Hornets,33,39,.458,4th of 5,-1.94,98.3,-0.9,110.9,-1.4,112.8,0.5,,J. Borrego,T. Rozier
Charlotte Hornets,2019-20,NBA,Charlotte Hornets,23,42,.354,3rd of 5,-7.03,95.8,-4.5,106.3,-4.3,113.3,2.7,,J. Borrego,C. Zeller
Charlotte Hornets,2018-19,NBA,Charlotte Hornets,39,43,.476,2nd of 5,-1.32,98.7,-1.3,111.4,1.0,112.5,2.1,,J. Borrego,K. Walker
Charlotte Hornets,2017-18,NBA,Charlotte Hornets,36,46,.439,3rd of 5,0.07,98.4,1.1,109.4,0.8,109.1,0.5,,S. Clifford,K. Walker
Charlotte Hornets,2016-17,NBA,Charlotte Hornets,36,46,.439,4th of 5,-0.07,95.7,-0.7,108.8,0.0,108.6,-0.2,,S. Clifford,K. Walker
Charlotte Hornets,2015-16,NBA,Charlotte Hornets,48,34,.585,3rd of 5,2.36,95.7,-0.1,107.1,0.7,104.3,-2.1,Lost E. Conf. 1st Rnd.,S. Clifford,K. Walker
Charlotte Hornets,2014-15,NBA,Charlotte Hornets,33,49,.402,4th of 5,-3.44,93.0,-0.9,100.1,-5.5,103.5,-2.1,,S. Clifford,A. Jefferson
Charlotte Hornets,2013-14,NBA,Charlotte Bobcats,43,39,.524,3rd of 5,-0.89,92.4,-1.5,103.6,-3.1,103.8,-2.9,Lost E. Conf. 1st Rnd.,S. Clifford,A. Jefferson
Charlotte Hornets,2012-13,NBA,Charlotte Bobcats,21,61,.256,4th of 5,-9.29,91.5,-0.5,101.5,-4.4,111.5,5.6,,M. Dunlap,K. Walker
Charlotte Hornets,2011-12,NBA,Charlotte Bobcats,7,59,.106,5th of 5,-13.96,91.1,-0.2,95.2,-9.4,110.4,5.8,,P. Silas,D. Brown
Charlotte Hornets,2010-11,NBA,Charlotte Bobcats,34,48,.415,4th of 5,-4.08,89.6,-2.5,103.4,-3.9,107.8,0.5,,L. Brown,D. Augustin
Charlotte Hornets,2009-10,NBA,Charlotte Bobcats,44,38,.537,4th of 5,1.30,90.4,-2.3,104.4,-3.2,102.8,-4.8,Lost E. Conf. 1st Rnd.,L. Brown,G. Wallace
Brooklyn Nets,2020-21,NBA,Brooklyn Nets,48,24,.667,2nd of 5,4.24,99.5,0.3,118.3,6.0,113.8,1.5,Lost E. Conf. Semis,S. Nash,K. Irving
Brooklyn Nets,2019-20,NBA,Brooklyn Nets,35,37,.486,4th of 5,-1.01,101.4,1.1,108.9,-1.7,109.5,-1.1,Lost E. Conf. 1st Rnd.,K. Atkinson,J. Allen
Brooklyn Nets,2018-19,NBA,Brooklyn Nets,42,40,.512,4th of 5,-0.40,100.8,0.8,109.6,-0.8,109.7,-0.7,Lost E. Conf. 1st Rnd.,K. Atkinson,J. Allen
Brooklyn Nets,2017-18,NBA,Brooklyn Nets,28,54,.341,5th of 5,-3.67,98.9,1.6,106.9,-1.7,110.6,2.0,,K. Atkinson,S. Dinwiddie
Brooklyn Nets,2016-17,NBA,Brooklyn Nets,20,62,.244,5th of 5,-6.74,101.3,4.9,104.1,-4.7,110.7,1.9,,K. Atkinson,B. Lopez
Brooklyn Nets,2015-16,NBA,Brooklyn Nets,21,61,.256,4th of 5,-7.12,95.2,-0.6,103.2,-3.2,110.9,4.5,,L. Hollins,B. Lopez
Brooklyn Nets,2014-15,NBA,Brooklyn Nets,38,44,.463,3rd of 5,-3.13,92.7,-1.2,104.4,-1.2,107.4,1.8,Lost E. Conf. 1st Rnd.,L. Hollins,B. Lopez
Brooklyn Nets,2013-14,NBA,Brooklyn Nets,44,38,.537,2nd of 5,-1.58,91.4,-2.5,106.7,0.0,107.7,1.0,Lost E. Conf. Semis,J. Kidd,D. Williams
Brooklyn Nets,2012-13,NBA,Brooklyn Nets,49,33,.598,2nd of 5,1.25,88.8,-3.2,108.2,2.3,106.2,0.3,Lost E. Conf. 1st Rnd.,A. Johnson,D. Williams
Brooklyn Nets,2011-12,NBA,New Jersey Nets,22,44,.333,5th of 5,-6.37,90.1,-1.2,102.9,-1.7,109.6,5.0,,A. Johnson,K. Humphries
Brooklyn Nets,2010-11,NBA,New Jersey Nets,24,58,.293,4th of 5,-6.28,89.9,-2.2,103.1,-4.2,109.9,2.6,,A. Johnson,B. Lopez
Brooklyn Nets,2009-10,NBA,New Jersey Nets,12,70,.146,5th of 5,-8.93,91.4,-1.3,100.6,-7.0,110.5,2.9,,L. Frank,B. Lopez
Boston Celtics,2020-21,NBA,Boston Celtics,36,36,.500,4th of 5,1.32,98.3,-0.9,114.0,1.7,112.5,0.2,Lost E. Conf. 1st Rnd.,B. Stevens,J. Tatum
Boston Celtics,2019-20,NBA,Boston Celtics,48,24,.667,2nd of 5,5.83,99.5,-0.8,113.3,2.7,107.0,-3.6,Lost E. Conf. Finals,B. Stevens,J. Tatum
Boston Celtics,2018-19,NBA,Boston Celtics,49,33,.598,3rd of 5,3.90,99.6,-0.4,112.2,1.8,107.8,-2.6,Lost E. Conf. Semis,B. Stevens,K. Irving
Boston Celtics,2017-18,NBA,Boston Celtics,55,27,.671,2nd of 5,3.23,96.0,-1.3,107.6,-1.0,103.9,-4.7,Lost E. Conf. Finals,B. Stevens,K. Irving
Boston Celtics,2016-17,NBA,Boston Celtics,53,29,.646,1st of 5,2.25,96.8,0.4,111.2,2.4,108.4,-0.4,Lost E. Conf. Finals,B. Stevens,I. Thomas
Boston Celtics,2015-16,NBA,Boston Celtics,48,34,.585,2nd of 5,2.84,98.5,2.7,106.8,0.4,103.6,-2.8,Lost E. Conf. 1st Rnd.,B. Stevens,I. Thomas
Boston Celtics,2014-15,NBA,Boston Celtics,40,42,.488,2nd of 5,-0.40,95.8,1.9,104.7,-0.9,104.5,-1.1,Lost E. Conf. 1st Rnd.,B. Stevens,T. Zeller
Boston Celtics,2013-14,NBA,Boston Celtics,25,57,.305,4th of 5,-4.97,93.3,-0.6,102.9,-3.8,107.7,1.0,,B. Stevens,B. Bass
Boston Celtics,2012-13,NBA,Boston Celtics,41,40,.506,3rd of 5,-0.62,91.7,-0.3,103.1,-2.8,103.3,-2.6,Lost E. Conf. 1st Rnd.,D. Rivers,P. Pierce
Boston Celtics,2011-12,NBA,Boston Celtics,39,27,.591,1st of 5,2.26,90.4,-0.9,101.0,-3.6,98.2,-6.4,Lost E. Conf. Finals,D. Rivers,P. Pierce
Boston Celtics,2010-11,NBA,Boston Celtics,56,26,.683,1st of 5,4.83,90.4,-1.7,106.2,-1.1,100.3,-7.0,Lost E. Conf. Semis,D. Rivers,P. Pierce
Boston Celtics,2009-10,NBA,Boston Celtics,50,32,.610,1st of 5,3.37,91.6,-1.1,107.7,0.1,103.8,-3.8,Lost Finals,D. Rivers,R. Rondo
