name,Season,Lg,Tm,Age,Ht.,Wt.,G,MP,FG	,FGA,FG%,3P,3PA,3P%,2P,2PA,2P%,FT,FTA,FT%,ORB,DRB,TRB,AST,STL,BLK,TOV,PF,PTS
Atlanta Hawks,2020-21,NBA,ATL,5.4%,-0.1%,-0.9%,72,6.9%,7.9%,3.5%,+.019,11.2%,-0.6%,+.039,6.5%,6.2%,+.001,14.6%,11.4%,+.022,15.0%,12.9%,13.4%,8.2%,-3.8%,0.3%,-12.2%,-10.1%,9.3%
Atlanta Hawks,2019-20,NBA,ATL,-4.0%,-0.8%,0.5%,67,-18.0%,-19.7%,-19.4%,-.002,-24.6%,-20.4%,-.018,-17.5%,-18.7%,+.008,-14.3%,-18.4%,+.038,-30.8%,-20.8%,-23.3%,-24.2%,-22.5%,-18.6%,-22.3%,-19.9%,-19.4%
Atlanta Hawks,2018-19,NBA,ATL,-1.2%,0.3%,1.4%,82,0.8%,8.4%,7.3%,+.005,16.4%,19.3%,-.009,5.1%,0.4%,+.023,11.2%,16.0%,-.032,28.5%,4.9%,10.0%,8.8%,5.8%,20.4%,9.5%,20.3%,9.7%
Atlanta Hawks,2017-18,NBA,ATL,-9.0%,0.3%,-3.2%,82,-0.9%,0.2%,1.4%,-.005,25.8%,19.0%,+.019,-7.6%,-6.5%,-.006,-12.5%,-18.9%,+.057,-11.8%,-3.6%,-5.5%,0.4%,-5.1%,-12.3%,-1.4%,7.7%,0.2%
Atlanta Hawks,2016-17,NBA,ATL,-1.1%,0.3%,0.9%,82,0.3%,-1.4%,-0.1%,-.006,-10.6%,-8.1%,-.009,1.7%,4.0%,-.011,15.8%,24.5%,-.055,24.0%,0.8%,5.3%,-7.7%,-10.0%,-18.3%,5.5%,-5.0%,0.3%
Atlanta Hawks,2015-16,NBA,ATL,1.4%,0.0%,-0.5%,82,0.5%,1.5%,3.3%,-.008,-0.4%,8.1%,-.030,2.2%,1.1%,+.005,-5.0%,-5.6%,+.005,-5.0%,6.2%,3.8%,-0.5%,0.4%,27.9%,5.1%,7.8%,0.3%
Atlanta Hawks,2014-15,NBA,ATL,0.7%,0.3%,-0.9%,82,-0.5%,2.0%,0.2%,+.008,6.5%,1.7%,+.017,0.4%,-0.5%,+.005,-3.1%,-2.6%,-.004,0.3%,1.8%,1.5%,3.4%,9.4%,16.6%,-6.7%,-7.6%,1.5%
Atlanta Hawks,2013-14,NBA,ATL,1.8%,-0.3%,2.3%,82,-0.1%,-0.7%,0.7%,-.006,8.8%,11.3%,-.008,-3.6%,-3.6%,+.000,20.2%,10.1%,+.066,-5.9%,-1.1%,-2.2%,1.7%,2.4%,-11.7%,2.6%,7.1%,3.1%
Atlanta Hawks,2012-13,NBA,ATL,-2.9%,-0.6%,0.0%,82,22.8%,27.0%,24.2%,+.010,43.5%,42.9%,+.001,22.8%,18.0%,+.019,13.0%,16.9%,-.025,16.3%,25.5%,23.3%,35.5%,23.9%,21.8%,32.4%,25.0%,26.0%
Atlanta Hawks,2011-12,NBA,ATL,1.8%,-0.4%,-1.8%,66,-18.1%,-18.2%,-16.8%,-.008,-2.0%,-6.8%,+.018,-21.5%,-19.7%,-.012,-23.8%,-19.8%,-.039,-14.4%,-16.0%,-15.6%,-17.8%,7.8%,-11.1%,-17.6%,-24.2%,-18.2%
Atlanta Hawks,2010-11,NBA,ATL,3.4%,-0.1%,0.0%,82,-0.6%,-6.6%,-5.5%,-.006,-4.2%,-1.9%,-.008,-7.1%,-6.4%,-.003,-7.3%,-9.7%,+.020,-21.4%,0.4%,-5.8%,0.7%,-16.0%,-17.4%,14.1%,-4.8%,-6.6%
Atlanta Hawks,2009-10,NBA,ATL,2.7%,0.6%,0.0%,82,0.8%,7.6%,5.4%,+.010,-12.2%,-10.9%,-.005,12.6%,11.0%,+.007,-5.5%,-8.2%,+.021,11.4%,1.6%,4.2%,8.0%,-1.8%,9.8%,-6.5%,1.4%,3.6%
Portland Trail Blazers,2020-21,NBA,POR,-0.4%,-0.5%,0.0%,72,-3.0%,-4.8%,-2.8%,-.009,18.9%,16.4%,+.008,-15.2%,-14.3%,-.005,-2.3%,-4.5%,+.019,1.6%,-6.1%,-4.4%,0.4%,6.7%,-19.5%,-15.5%,-15.2%,-1.7%
Portland Trail Blazers,2019-20,NBA,POR,5.0%,-1.5%,-0.9%,74,-10.2%,-10.0%,-9.1%,-.005,5.3%,0.2%,+.018,-15.4%,-13.9%,-.009,-15.8%,-14.7%,-.010,-22.0%,-12.4%,-14.8%,-19.2%,-14.8%,9.2%,-16.7%,-3.8%,-9.5%
Portland Trail Blazers,2018-19,NBA,POR,2.3%,0.6%,0.5%,82,0.5%,7.7%,4.1%,+.015,7.0%,9.2%,-.007,8.0%,1.7%,+.030,13.6%,11.6%,+.014,15.8%,2.6%,5.6%,18.0%,-4.7%,-2.4%,2.3%,4.4%,8.6%
Portland Trail Blazers,2017-18,NBA,POR,3.2%,-0.6%,-0.5%,82,-0.9%,-0.6%,1.0%,-.008,-0.8%,1.6%,-.009,-0.6%,0.8%,-.007,-9.3%,-11.6%,+.020,0.6%,5.2%,4.1%,-7.7%,-0.2%,3.7%,-1.5%,-7.9%,-2.1%
Portland Trail Blazers,2016-17,NBA,POR,2.1%,0.0%,0.0%,82,0.6%,2.4%,0.3%,+.010,-1.4%,-2.7%,+.005,3.8%,1.8%,+.010,6.2%,2.7%,+.026,-12.4%,-1.2%,-4.0%,-0.9%,2.1%,7.4%,-6.2%,-2.6%,2.7%
Portland Trail Blazers,2015-16,NBA,POR,-10.0%,-0.1%,0.0%,82,-0.3%,-0.3%,-0.1%,-.001,7.1%,4.7%,+.008,-2.7%,-2.4%,-.002,11.9%,18.9%,-.047,7.8%,-3.4%,-0.8%,-2.8%,7.0%,2.2%,7.4%,19.3%,2.3%
Portland Trail Blazers,2014-15,NBA,POR,4.7%,0.4%,0.5%,82,0.0%,-1.0%,-1.2%,+.001,4.8%,7.7%,-.010,-2.8%,-4.8%,+.010,-18.9%,-17.5%,-.014,-14.0%,3.4%,-1.3%,-5.5%,15.6%,-3.9%,-0.7%,-5.2%,-3.7%
Portland Trail Blazers,2013-14,NBA,POR,5.7%,-0.4%,0.0%,82,0.0%,6.6%,6.2%,+.001,14.4%,8.8%,+.018,4.3%,5.2%,-.004,20.3%,14.6%,+.038,16.9%,12.6%,13.7%,6.7%,-15.6%,9.6%,-6.5%,3.8%,9.5%
Portland Trail Blazers,2012-13,NBA,POR,-11.3%,0.6%,0.9%,82,24.4%,25.3%,24.0%,+.005,40.8%,37.8%,+.008,21.4%,19.2%,+.009,15.1%,18.1%,-.020,18.9%,26.9%,24.7%,32.2%,1.9%,9.6%,28.7%,21.3%,24.6%
Portland Trail Blazers,2011-12,NBA,POR,3.0%,0.0%,0.5%,66,-19.4%,-18.6%,-17.9%,-.004,-7.7%,-8.1%,+.001,-20.9%,-20.8%,-.001,-23.2%,-22.5%,-.008,-26.2%,-12.6%,-16.8%,-22.3%,-20.0%,-10.1%,-12.6%,-21.1%,-18.8%
Portland Trail Blazers,2010-11,NBA,POR,0.4%,-0.1%,-0.5%,82,-0.3%,-0.8%,2.3%,-.014,5.5%,8.3%,-.009,-2.0%,0.6%,-.013,-8.1%,-9.7%,+.014,9.1%,-6.4%,-2.1%,3.7%,26.2%,2.3%,5.7%,-7.6%,-1.9%
Portland Trail Blazers,2009-10,NBA,POR,10.8%,-1.1%,0.5%,82,0.1%,-1.5%,-0.6%,-.004,-17.6%,-10.7%,-.030,2.5%,2.6%,-.000,5.6%,2.3%,+.025,-13.9%,1.0%,-3.6%,0.4%,-4.9%,-12.9%,-4.1%,2.6%,-1.3%
Phoenix Suns,2020-21,NBA,PHO,8.1%,-1.0%,0.0%,72,-0.7%,3.7%,-1.1%,+.023,13.1%,7.3%,+.019,0.1%,-5.9%,+.034,-22.5%,-22.6%,+.001,-11.5%,-0.1%,-2.7%,-2.4%,-7.5%,7.6%,-16.2%,-14.6%,0.1%
Phoenix Suns,2019-20,NBA,PHO,2.5%,-1.1%,-0.5%,73,-11.5%,-8.6%,-10.3%,+.008,5.2%,-3.3%,+.029,-13.0%,-13.7%,+.005,0.3%,-6.4%,+.055,-4.8%,-3.8%,-4.0%,1.5%,-23.9%,-30.6%,-15.8%,-16.7%,-5.9%
Phoenix Suns,2018-19,NBA,PHO,1.3%,0.1%,-0.9%,82,0.9%,4.3%,0.3%,+.018,3.5%,5.0%,-.005,4.6%,-1.9%,+.032,-0.4%,-5.3%,+.038,-11.2%,-7.7%,-8.5%,12.3%,29.2%,13.0%,-0.8%,6.9%,3.4%
Phoenix Suns,2017-18,NBA,PHO,-5.2%,0.9%,-1.8%,82,-0.6%,-3.6%,-1.6%,-.009,24.1%,23.3%,+.002,-10.0%,-10.2%,+.001,-13.3%,-9.1%,-.036,-13.7%,2.4%,-1.9%,8.7%,-15.5%,-7.3%,1.9%,-11.0%,-3.5%
Phoenix Suns,2016-17,NBA,PHO,-3.8%,-0.6%,-1.8%,82,0.6%,7.2%,3.4%,+.016,-16.7%,-12.5%,-.017,14.8%,10.3%,+.019,17.1%,13.3%,+.025,3.5%,-0.8%,0.3%,-5.7%,6.5%,27.5%,-10.3%,9.3%,6.8%
Phoenix Suns,2015-16,NBA,PHO,1.2%,1.0%,2.8%,82,-0.9%,-4.0%,-0.3%,-.017,5.7%,3.4%,+.008,-6.7%,-1.8%,-.025,6.6%,7.8%,-.009,5.2%,3.4%,3.9%,2.5%,-9.7%,-18.7%,13.9%,6.5%,-1.5%
Phoenix Suns,2014-15,NBA,PHO,-1.9%,-0.8%,-0.5%,82,0.6%,0.2%,2.8%,-.012,-8.8%,-0.3%,-.031,3.0%,4.2%,-.006,-11.6%,-11.8%,+.002,-3.4%,1.6%,0.3%,6.1%,1.7%,2.9%,-1.6%,-3.0%,-2.7%
Phoenix Suns,2013-14,NBA,PHO,-2.6%,-0.4%,-0.9%,82,-0.3%,3.6%,-1.0%,+.021,59.4%,41.2%,+.042,-6.7%,-12.3%,+.030,26.4%,23.9%,+.015,-3.2%,6.0%,3.4%,-15.7%,4.4%,-13.8%,-1.6%,6.5%,10.6%
Phoenix Suns,2012-13,NBA,PHO,-6.9%,-0.1%,-0.9%,82,25.0%,22.7%,27.0%,-.016,8.1%,12.4%,-.013,25.8%,31.6%,-.022,13.7%,15.8%,-.014,33.8%,20.6%,24.0%,24.8%,52.9%,18.6%,37.7%,36.9%,20.2%
Phoenix Suns,2011-12,NBA,PHO,-2.4%,-0.4%,0.5%,66,-20.8%,-22.5%,-20.4%,-.012,-36.7%,-30.3%,-.035,-18.5%,-16.8%,-.011,-28.1%,-28.0%,-.002,-12.7%,-17.9%,-16.6%,-23.6%,-20.9%,2.5%,-20.6%,-26.0%,-24.6%
Phoenix Suns,2010-11,NBA,PHO,3.9%,0.3%,-0.5%,82,1.4%,-3.6%,0.8%,-.022,-4.0%,4.9%,-.035,-3.5%,-0.6%,-.015,-9.7%,-8.4%,-.011,-9.8%,-5.3%,-6.4%,1.7%,13.8%,-14.6%,-3.4%,-2.7%,-4.7%
Phoenix Suns,2009-10,NBA,PHO,-3.4%,0.3%,-3.1%,82,-0.1%,-1.0%,1.4%,-.012,32.0%,22.5%,+.030,-7.5%,-4.4%,-.017,-2.6%,-6.0%,+.026,1.1%,3.8%,3.1%,0.4%,-18.7%,-0.5%,-6.1%,1.3%,0.7%
Philadelphia 76ers,2020-21,NBA,PHI,3.0%,-0.4%,-0.9%,72,-0.9%,-0.6%,-2.5%,+.009,-4.4%,-6.0%,+.006,0.8%,-0.5%,+.007,14.0%,12.1%,+.013,-5.5%,-1.2%,-2.2%,-9.4%,11.8%,14.9%,0.3%,-4.8%,1.2%
Philadelphia 76ers,2019-20,NBA,PHI,-0.4%,-0.8%,1.4%,73,-11.2%,-11.9%,-11.3%,-.004,-4.6%,-6.8%,+.008,-14.5%,-13.6%,-.006,-29.0%,-27.5%,-.017,-14.3%,-15.6%,-15.3%,-14.6%,-3.3%,-10.0%,-15.2%,-12.4%,-14.4%
Philadelphia 76ers,2018-19,NBA,PHI,2.3%,0.3%,0.5%,82,0.1%,1.7%,1.9%,-.001,-1.3%,1.2%,-.009,2.9%,2.3%,+.003,24.0%,20.9%,+.019,-0.1%,1.0%,0.7%,-0.6%,-11.1%,2.9%,-9.6%,-3.6%,4.9%
Philadelphia 76ers,2017-18,NBA,PHI,4.9%,0.5%,0.5%,82,-0.3%,8.5%,1.5%,+.030,8.4%,0.1%,+.028,8.5%,2.3%,+.030,0.9%,3.4%,-.019,10.7%,10.7%,10.7%,14.0%,-1.4%,0.0%,-1.0%,1.0%,7.2%
Philadelphia 76ers,2016-17,NBA,PHI,5.6%,1.0%,1.9%,82,0.1%,4.0%,1.5%,+.010,8.8%,8.3%,+.001,2.3%,-1.8%,+.020,8.5%,-2.4%,+.077,3.9%,3.9%,3.9%,10.4%,1.8%,-15.2%,1.7%,0.7%,5.2%
Philadelphia 76ers,2015-16,NBA,PHI,0.4%,-1.5%,0.5%,82,0.0%,7.4%,1.6%,+.023,10.4%,4.4%,+.018,6.4%,0.3%,+.027,-2.7%,-5.3%,+.018,-20.6%,2.7%,-3.8%,4.9%,-13.8%,1.6%,-7.6%,0.1%,5.9%
Philadelphia 76ers,2014-15,NBA,PHI,-0.9%,0.3%,0.5%,82,-0.3%,-11.0%,-5.2%,-.027,19.9%,16.9%,+.008,-18.1%,-12.9%,-.028,-3.1%,1.8%,-.034,3.1%,-0.8%,0.3%,-6.0%,3.1%,47.6%,5.0%,-3.6%,-7.5%
Philadelphia 76ers,2013-14,NBA,PHI,-7.1%,0.6%,0.0%,82,0.5%,1.6%,3.7%,-.009,11.4%,28.4%,-.048,-0.4%,-2.8%,+.012,35.7%,39.3%,-.019,5.9%,2.5%,3.4%,-4.1%,25.6%,-14.1%,29.3%,22.5%,6.7%
Philadelphia 76ers,2012-13,NBA,PHI,1.2%,0.9%,-0.5%,82,24.1%,23.8%,25.0%,-.004,48.4%,49.3%,-.002,19.7%,19.9%,-.000,12.9%,14.9%,-.013,27.3%,16.3%,19.0%,28.5%,15.8%,12.9%,45.0%,30.1%,23.6%
Philadelphia 76ers,2011-12,NBA,PHI,0.8%,-0.1%,-1.4%,66,-20.1%,-20.9%,-18.6%,-.013,-21.2%,-22.8%,+.007,-20.9%,-17.6%,-.019,-37.7%,-35.3%,-.028,-17.2%,-16.8%,-16.9%,-21.9%,-15.3%,-4.2%,-30.6%,-27.3%,-23.9%
Philadelphia 76ers,2010-11,NBA,PHI,-2.8%,0.0%,0.5%,82,0.6%,1.2%,1.0%,+.001,-6.5%,-9.6%,+.012,2.6%,3.8%,-.006,4.4%,2.4%,+.015,-9.7%,6.5%,2.0%,8.0%,-6.9%,-19.1%,-10.8%,-5.1%,1.3%
Philadelphia 76ers,2009-10,NBA,PHI,-2.7%,0.4%,-0.5%,82,0.3%,3.0%,2.7%,+.002,39.0%,28.8%,+.025,-1.6%,-2.5%,+.004,-17.3%,-18.4%,+.010,-9.4%,3.6%,-0.4%,4.6%,1.4%,5.8%,3.0%,1.6%,0.3%
Orlando Magic,2020-21,NBA,ORL,-1.9%,-0.3%,0.5%,72,-1.4%,-4.1%,-0.7%,-.015,-2.9%,-2.8%,-.000,-4.6%,0.5%,-.025,-6.7%,-6.8%,+.001,-0.5%,1.1%,0.7%,-10.1%,-17.2%,-19.7%,-1.4%,-7.4%,-4.4%
Orlando Magic,2019-20,NBA,ORL,1.6%,-0.9%,1.9%,73,-11.2%,-13.4%,-11.5%,-.010,-13.9%,-10.6%,-.013,-13.2%,-12.0%,-.007,4.1%,5.1%,-.007,-8.6%,-13.9%,-12.8%,-16.6%,10.3%,-11.0%,-13.4%,-12.5%,-11.0%
Orlando Magic,2018-19,NBA,ORL,0.4%,0.8%,0.0%,82,0.3%,4.2%,3.8%,+.002,11.0%,9.5%,+.005,1.8%,0.8%,+.005,-3.1%,-6.1%,+.024,13.9%,7.8%,9.1%,9.1%,-12.7%,11.2%,-9.2%,-3.4%,3.8%
Orlando Magic,2017-18,NBA,ORL,1.2%,-0.5%,-2.3%,82,-0.4%,1.4%,-1.3%,+.012,20.4%,12.4%,+.023,-4.1%,-7.1%,+.016,-2.9%,-4.3%,+.011,-10.5%,-1.5%,-3.6%,5.5%,7.2%,1.0%,9.3%,-0.3%,2.3%
Orlando Magic,2016-17,NBA,ORL,5.9%,-0.4%,-0.5%,82,-0.5%,-3.2%,0.2%,-.015,10.2%,17.7%,-.022,-6.4%,-5.8%,-.003,4.8%,6.3%,-.011,-4.3%,0.9%,-0.3%,-5.8%,-13.8%,-5.0%,-5.5%,-6.9%,-1.0%
Orlando Magic,2015-16,NBA,ORL,-1.6%,0.1%,-0.9%,82,0.8%,5.4%,4.8%,+.002,14.8%,13.8%,+.003,3.3%,2.1%,+.006,9.5%,5.4%,+.028,2.6%,3.9%,3.6%,14.2%,4.0%,32.8%,-5.4%,-0.8%,6.7%
Orlando Magic,2014-15,NBA,ORL,-1.2%,1.4%,-0.5%,82,-1.0%,1.8%,0.1%,+.007,-1.6%,0.1%,-.006,2.6%,0.1%,+.012,-12.7%,-8.7%,-.033,3.5%,-1.8%,-0.6%,-2.0%,2.7%,-10.3%,-0.1%,2.1%,-0.8%
Orlando Magic,2013-14,NBA,ORL,0.0%,-0.1%,0.9%,82,0.9%,-2.3%,-1.7%,-.003,11.3%,3.8%,+.024,-4.9%,-3.3%,-.008,27.4%,26.1%,+.008,-10.8%,1.6%,-1.5%,-7.7%,19.3%,-2.2%,2.6%,5.5%,2.5%
Orlando Magic,2012-13,NBA,ORL,-10.5%,-0.4%,-0.9%,82,23.9%,36.0%,33.7%,+.007,-24.5%,-13.9%,-.046,61.2%,58.9%,+.007,3.1%,-9.9%,+.095,19.9%,26.8%,25.0%,41.6%,17.1%,30.2%,21.0%,36.2%,24.2%
Orlando Magic,2011-12,NBA,ORL,-0.4%,0.0%,1.8%,66,-19.5%,-23.0%,-19.5%,-.020,-13.0%,-15.1%,+.009,-26.6%,-21.6%,-.032,-31.5%,-28.2%,-.032,-14.1%,-23.1%,-20.9%,-19.3%,-17.7%,-28.4%,-19.6%,-28.8%,-23.6%
Orlando Magic,2010-11,NBA,ORL,-1.1%,0.1%,0.5%,82,0.5%,-1.6%,0.3%,-.009,-8.4%,-6.2%,-.009,1.0%,3.7%,-.014,-7.7%,-3.4%,-.032,6.7%,-2.1%,-0.1%,1.3%,7.0%,-15.8%,6.0%,0.7%,-3.5%
Orlando Magic,2009-10,NBA,ORL,2.2%,-0.9%,1.9%,82,0.0%,2.6%,-0.3%,+.013,2.9%,4.4%,-.005,2.5%,-2.7%,+.026,-2.2%,-3.4%,+.009,-1.1%,0.3%,-0.0%,1.4%,-10.2%,3.9%,1.1%,-2.1%,1.7%
Oklahoma City Thunder,2020-21,NBA,OKC,-10.6%,1.7%,1.5%,72,-0.4%,-2.9%,3.0%,-.027,11.3%,16.5%,-.016,-8.1%,-4.4%,-.020,-21.7%,-14.0%,-.071,20.6%,2.9%,6.3%,1.7%,-8.4%,-10.5%,17.8%,-6.1%,-4.9%
Oklahoma City Thunder,2019-20,NBA,OKC,-0.8%,-1.6%,-4.2%,72,-12.2%,-17.7%,-20.1%,+.014,-17.4%,-18.9%,+.007,-17.8%,-20.8%,+.019,-2.7%,-12.8%,+.083,-42.5%,-14.3%,-21.7%,-18.5%,-28.2%,-16.9%,-13.9%,-24.4%,-15.3%
Oklahoma City Thunder,2018-19,NBA,OKC,-5.9%,-0.3%,-1.8%,82,0.1%,6.9%,6.7%,+.001,5.8%,7.5%,-.006,7.3%,6.3%,+.005,2.8%,3.2%,-.003,0.7%,9.0%,6.7%,9.5%,3.1%,3.2%,-0.2%,11.3%,6.1%
Oklahoma City Thunder,2017-18,NBA,OKC,10.5%,0.0%,0.5%,82,0.1%,1.1%,0.7%,+.001,27.3%,17.7%,+.027,-6.1%,-6.4%,+.002,-9.8%,-6.1%,-.030,2.2%,-5.3%,-3.3%,1.7%,14.7%,1.0%,-6.7%,-3.6%,1.2%
Oklahoma City Thunder,2016-17,NBA,OKC,-4.3%,0.0%,-4.0%,82,-0.1%,-4.0%,1.2%,-.025,2.1%,8.8%,-.022,-5.5%,-1.6%,-.021,-2.5%,2.2%,-.036,-6.4%,-3.3%,-4.1%,-8.6%,7.5%,-16.2%,-5.7%,1.4%,-3.3%
Oklahoma City Thunder,2015-16,NBA,OKC,1.6%,0.5%,2.7%,82,0.0%,5.9%,-0.5%,+.029,7.3%,4.3%,+.010,5.6%,-2.2%,+.039,6.0%,2.3%,+.027,1.8%,2.5%,2.3%,12.0%,0.8%,7.3%,8.3%,-7.5%,6.0%
Oklahoma City Thunder,2014-15,NBA,OKC,-3.1%,-0.3%,0.9%,82,0.1%,-0.3%,5.0%,-.024,-4.8%,1.4%,-.022,0.9%,6.3%,-.026,-7.8%,-1.6%,-.051,18.6%,2.3%,6.2%,-6.3%,-11.8%,-9.4%,-4.1%,-1.6%,-2.1%
Oklahoma City Thunder,2013-14,NBA,OKC,0.8%,-0.3%,0.0%,82,-0.1%,2.2%,4.3%,-.010,11.0%,15.8%,-.016,0.1%,0.5%,-.002,-9.1%,-6.6%,-.023,3.9%,2.1%,2.5%,2.3%,-0.1%,-19.7%,0.2%,12.3%,0.4%
Oklahoma City Thunder,2012-13,NBA,OKC,3.6%,0.6%,-0.9%,82,24.0%,27.0%,24.4%,+.010,26.7%,20.6%,+.018,27.0%,25.7%,+.006,29.4%,25.9%,+.022,17.6%,26.3%,24.1%,43.2%,36.3%,15.8%,16.1%,22.3%,27.4%
Oklahoma City Thunder,2011-12,NBA,OKC,5.9%,-0.4%,1.4%,66,-20.1%,-19.7%,-20.9%,+.007,-3.1%,-6.1%,+.011,-22.8%,-24.9%,+.013,-28.9%,-27.4%,-.017,-19.6%,-17.2%,-17.8%,-26.8%,-23.9%,10.7%,-6.7%,-26.4%,-20.9%
Oklahoma City Thunder,2010-11,NBA,OKC,2.2%,-0.1%,-0.5%,82,1.0%,0.1%,-0.3%,+.002,16.5%,14.2%,+.007,-2.5%,-3.6%,+.006,11.2%,8.6%,+.019,-5.9%,-0.1%,-1.7%,2.0%,0.0%,1.2%,-5.8%,5.3%,3.3%
Oklahoma City Thunder,2009-10,NBA,OKC,-5.3%,0.1%,0.0%,82,0.0%,2.1%,-1.3%,+.016,27.4%,29.5%,-.006,-1.0%,-6.4%,+.027,9.3%,6.8%,+.019,-3.9%,4.4%,2.0%,-1.4%,7.6%,29.6%,-7.7%,5.3%,4.7%
New York Knicks,2020-21,NBA,NYK,4.5%,-0.4%,-2.3%,72,9.2%,7.6%,5.6%,+.009,34.2%,15.5%,+.055,-0.7%,0.9%,-.008,9.8%,-2.8%,+.090,-12.5%,12.3%,5.9%,5.8%,0.6%,16.6%,-1.5%,0.6%,10.4%
New York Knicks,2019-20,NBA,NYK,4.7%,-0.8%,0.9%,66,-19.3%,-15.8%,-18.6%,+.015,-23.3%,-22.7%,-.003,-13.2%,-16.5%,+.019,-27.5%,-20.8%,-.064,-7.2%,-19.1%,-16.3%,-11.5%,-9.5%,-25.8%,-17.8%,-14.5%,-18.6%
New York Knicks,2018-19,NBA,NYK,-11.0%,0.0%,0.5%,82,-0.3%,-6.0%,0.7%,-.031,22.3%,26.5%,-.012,-13.2%,-8.7%,-.025,21.1%,25.6%,-.028,-0.2%,2.1%,1.6%,-13.9%,0.9%,0.2%,-4.6%,1.8%,0.1%
New York Knicks,2017-18,NBA,NYK,-3.7%,0.0%,1.4%,82,-0.1%,2.8%,-0.9%,+.016,-4.4%,-5.3%,+.003,4.8%,0.9%,+.019,-10.2%,-10.1%,-.001,-12.6%,1.1%,-2.6%,7.1%,-5.0%,-7.5%,6.0%,0.8%,0.1%
New York Knicks,2016-17,NBA,NYK,0.4%,0.0%,-4.4%,82,0.3%,7.3%,5.4%,+.008,15.4%,14.8%,+.002,5.3%,2.1%,+.015,-3.3%,-1.3%,-.017,15.6%,-2.3%,1.9%,6.2%,24.4%,-2.4%,3.6%,3.2%,6.1%
New York Knicks,2015-16,NBA,NYK,1.1%,1.0%,4.1%,82,-0.3%,4.9%,2.4%,+.010,8.9%,9.2%,-.001,3.9%,0.2%,+.017,16.5%,11.3%,+.036,-2.0%,14.1%,9.9%,-3.7%,-18.8%,22.0%,-8.9%,-8.6%,7.0%
New York Knicks,2014-15,NBA,NYK,-4.9%,-0.3%,-0.9%,82,0.0%,-4.8%,-0.2%,-.021,-26.2%,-20.8%,-.025,2.4%,8.7%,-.028,-4.7%,-5.7%,+.008,-0.3%,0.2%,0.1%,6.4%,-8.9%,4.1%,13.5%,-2.6%,-6.8%
New York Knicks,2013-14,NBA,NYK,-6.3%,0.0%,0.5%,82,0.6%,1.0%,0.7%,+.001,-14.8%,-14.0%,-.003,7.7%,8.9%,-.005,-3.2%,-3.4%,+.002,-2.2%,0.0%,-0.6%,3.9%,-6.1%,24.8%,7.6%,10.0%,-1.4%
New York Knicks,2012-13,NBA,NYK,14.8%,-0.9%,-1.8%,82,23.8%,26.7%,25.4%,+.005,72.3%,54.2%,+.040,13.9%,13.7%,+.001,8.4%,5.8%,+.018,19.8%,21.1%,20.7%,18.9%,8.0%,6.5%,-6.4%,18.6%,26.9%
New York Knicks,2011-12,NBA,NYK,4.0%,0.8%,0.9%,66,-19.4%,-24.7%,-22.3%,-.014,-32.4%,-26.1%,-.031,-22.2%,-20.7%,-.010,-28.3%,-21.7%,-.068,-12.3%,-18.5%,-16.9%,-24.4%,-0.5%,-41.9%,-6.0%,-20.2%,-26.1%
New York Knicks,2010-11,NBA,NYK,-0.4%,0.0%,1.4%,82,-0.5%,0.4%,-0.1%,+.002,3.0%,-3.0%,+.021,-0.4%,1.2%,-.008,22.7%,18.6%,+.027,1.3%,-0.3%,0.1%,-0.8%,6.7%,55.7%,-2.2%,6.4%,4.3%
New York Knicks,2009-10,NBA,NYK,-1.2%,1.3%,0.5%,82,0.4%,-1.0%,-3.0%,+.010,-9.7%,-6.1%,-.014,2.1%,-1.6%,+.018,-7.7%,-7.4%,-.002,-8.2%,-2.7%,-4.1%,2.0%,-3.9%,49.5%,-2.2%,-2.0%,-2.9%
New Orleans Pelicans,2020-21,NBA,NOP,-2.4%,0.8%,3.8%,72,0.0%,-0.2%,-2.8%,+.013,-22.4%,-17.5%,-.022,10.3%,7.1%,+.016,11.4%,11.3%,+.000,6.0%,0.7%,1.9%,-3.1%,1.1%,-12.0%,-10.9%,-15.0%,-1.1%
New Orleans Pelicans,2019-20,NBA,NOP,-1.2%,-0.9%,-2.7%,72,-11.8%,-14.4%,-12.8%,-.009,16.6%,8.5%,+.026,-24.0%,-22.9%,-.007,-15.9%,-12.2%,-.033,-12.3%,-14.1%,-13.7%,-12.8%,-11.6%,-18.8%,-2.8%,-12.0%,-11.9%
New Orleans Pelicans,2018-19,NBA,NOP,-6.9%,0.5%,0.5%,82,-1.0%,2.3%,4.4%,-.010,0.6%,5.9%,-.018,2.9%,3.8%,-.005,10.4%,11.9%,-.010,27.7%,1.5%,6.7%,1.0%,-7.2%,-9.1%,-0.7%,10.3%,3.3%
New Orleans Pelicans,2017-18,NBA,NOP,7.4%,-0.5%,-0.9%,82,0.3%,9.0%,1.6%,+.033,9.0%,5.3%,+.012,9.0%,-0.1%,+.045,-3.2%,-6.0%,+.022,1.3%,1.6%,1.5%,17.4%,3.0%,7.1%,16.0%,5.4%,7.1%
New Orleans Pelicans,2016-17,NBA,NOP,-3.4%,-0.5%,-1.3%,82,0.6%,1.8%,1.3%,+.002,9.4%,12.6%,-.010,-0.4%,-3.0%,+.013,-3.3%,0.1%,-.027,-10.1%,6.2%,2.5%,2.8%,0.8%,32.5%,-4.4%,-13.0%,1.6%
New Orleans Pelicans,2015-16,NBA,NOP,5.1%,-0.6%,0.9%,82,0.0%,1.4%,3.6%,-.010,19.8%,23.2%,-.010,-2.8%,-2.4%,-.002,5.2%,1.8%,+.025,-17.0%,3.5%,-1.9%,0.7%,14.5%,-32.9%,1.4%,12.0%,3.4%
New Orleans Pelicans,2014-15,NBA,NOP,4.1%,0.5%,1.8%,82,-0.4%,0.2%,0.5%,-.001,20.6%,21.5%,-.003,-3.6%,-4.5%,+.005,-9.7%,-7.5%,-.018,1.0%,5.4%,4.2%,3.5%,-14.5%,-2.5%,-3.7%,-17.6%,-0.4%
New Orleans Pelicans,2013-14,NBA,NOP,1.3%,-0.8%,-0.9%,82,0.4%,4.9%,2.6%,+.010,-9.2%,-11.6%,+.010,8.1%,6.7%,+.006,17.3%,18.3%,-.007,-5.6%,2.5%,0.1%,1.4%,24.4%,18.9%,-5.4%,11.0%,6.0%
New Orleans Pelicans,2012-13,NBA,NOH,-5.9%,0.0%,-0.9%,82,24.1%,28.5%,29.1%,-.002,106.6%,89.7%,+.030,18.6%,18.2%,+.001,20.1%,17.1%,+.019,36.5%,21.8%,25.7%,25.8%,6.6%,39.2%,16.5%,26.4%,30.4%
New Orleans Pelicans,2011-12,NBA,NOH,-3.0%,1.5%,2.8%,66,-19.6%,-21.9%,-20.5%,-.008,-41.7%,-36.9%,-.027,-18.4%,-16.6%,-.010,-27.2%,-26.4%,-.009,-12.1%,-19.3%,-17.5%,-19.1%,-21.8%,-12.0%,-4.2%,-23.0%,-24.0%
New Orleans Pelicans,2010-11,NBA,NOH,-4.4%,0.0%,-0.9%,82,0.0%,-7.4%,-6.2%,-.006,-22.2%,-21.6%,-.003,-4.1%,-1.6%,-.012,12.3%,14.2%,-.013,-3.3%,0.7%,-0.3%,-7.5%,-0.2%,19.7%,-3.1%,7.0%,-5.3%
New Orleans Pelicans,2009-10,NBA,NOH,-2.5%,-1.0%,0.0%,82,0.4%,9.2%,7.5%,+.007,2.7%,3.0%,-.001,10.7%,8.9%,+.008,-12.6%,-9.4%,-.028,6.2%,-0.1%,1.4%,13.6%,5.4%,-11.2%,7.2%,-3.5%,4.6%
Minnesota Timberwolves,2020-21,NBA,MIN,-6.5%,0.0%,-0.9%,72,11.9%,13.4%,11.6%,+.007,10.7%,6.5%,+.013,14.7%,15.5%,-.003,3.4%,2.3%,+.008,12.1%,8.3%,9.2%,21.0%,13.9%,9.9%,4.7%,10.0%,11.4%
Minnesota Timberwolves,2019-20,NBA,MIN,-5.3%,-1.5%,-3.2%,64,-21.5%,-24.2%,-21.6%,-.015,3.1%,7.8%,-.015,-33.0%,-35.1%,+.017,-22.1%,-18.6%,-.034,-26.9%,-20.3%,-21.9%,-24.4%,-18.7%,-11.9%,-8.7%,-17.7%,-21.4%
Minnesota Timberwolves,2018-19,NBA,MIN,-3.3%,-0.4%,1.4%,82,0.1%,1.4%,5.9%,-.020,25.7%,27.8%,-.006,-4.5%,-1.8%,-.014,-1.4%,0.8%,-.017,8.8%,6.1%,6.7%,8.4%,-0.9%,19.1%,5.2%,11.3%,2.7%
Minnesota Timberwolves,2017-18,NBA,MIN,12.9%,-0.3%,-0.5%,82,0.0%,4.0%,2.0%,+.009,9.5%,7.1%,+.008,2.8%,0.4%,+.012,0.4%,-0.3%,+.005,-9.6%,2.1%,-1.1%,-4.1%,5.4%,-6.8%,-11.2%,-9.2%,3.7%
Minnesota Timberwolves,2016-17,NBA,MIN,-2.4%,-0.4%,0.5%,82,-0.4%,4.5%,3.8%,+.003,32.1%,27.9%,+.011,-0.2%,-2.3%,+.010,-9.5%,-10.3%,+.006,14.3%,-1.8%,2.1%,1.3%,-0.3%,-1.3%,-6.6%,-2.9%,3.1%
Minnesota Timberwolves,2015-16,NBA,MIN,0.8%,0.8%,1.9%,82,0.4%,3.7%,-2.2%,+.026,12.1%,10.1%,+.006,2.3%,-4.9%,+.035,7.0%,4.9%,+.016,-13.5%,7.5%,1.6%,8.2%,-1.8%,14.7%,0.0%,8.0%,4.8%
Minnesota Timberwolves,2014-15,NBA,MIN,-7.2%,0.0%,-1.4%,82,-0.3%,-6.4%,-4.9%,-.007,-32.3%,-30.4%,-.010,-0.3%,3.3%,-.017,-8.5%,-8.3%,-.002,-7.3%,-9.0%,-8.5%,-9.8%,-7.0%,10.1%,7.8%,4.5%,-8.6%
Minnesota Timberwolves,2013-14,NBA,MIN,-0.4%,1.0%,-0.5%,82,0.6%,8.4%,7.1%,+.005,33.3%,19.1%,+.036,3.9%,3.7%,+.001,18.2%,12.7%,+.036,5.2%,6.9%,6.4%,6.9%,2.6%,-23.3%,-5.9%,-0.3%,11.7%
Minnesota Timberwolves,2012-13,NBA,MIN,8.2%,-0.3%,-1.4%,82,23.8%,25.0%,23.3%,+.006,-4.9%,3.7%,-.027,32.5%,30.3%,+.008,18.3%,22.9%,-.029,22.1%,18.4%,19.4%,42.3%,60.6%,32.1%,21.3%,24.5%,21.5%
Minnesota Timberwolves,2011-12,NBA,MIN,2.5%,-0.5%,0.0%,66,-19.4%,-23.8%,-22.5%,-.007,-19.7%,-9.1%,-.044,-24.8%,-26.4%,+.010,-15.7%,-15.9%,+.002,-26.5%,-18.3%,-20.7%,-21.8%,-26.4%,-30.6%,-28.4%,-33.6%,-22.0%
Minnesota Timberwolves,2010-11,NBA,MIN,-1.2%,0.1%,-1.8%,82,0.0%,-0.5%,1.3%,-.008,46.2%,32.5%,+.035,-7.5%,-5.1%,-.012,5.8%,2.6%,+.023,12.8%,0.0%,3.5%,1.5%,-0.8%,37.9%,4.9%,7.4%,2.9%
Minnesota Timberwolves,2009-10,NBA,MIN,-5.1%,0.8%,-0.9%,82,-0.1%,4.0%,2.3%,+.007,-25.8%,-23.3%,-.012,10.6%,9.9%,+.003,-4.5%,-1.6%,-.023,-1.3%,4.7%,3.0%,-2.9%,16.6%,-5.0%,14.4%,-4.8%,0.4%
Milwaukee Bucks,2020-21,NBA,MIL,-3.8%,-0.5%,-1.3%,72,-1.5%,1.9%,-0.4%,+.011,3.1%,-6.0%,+.034,1.4%,3.8%,-.013,-12.5%,-14.5%,+.017,7.2%,-11.6%,-8.2%,-2.9%,11.2%,-22.1%,-9.7%,-13.1%,-0.2%
Milwaukee Bucks,2019-20,NBA,MIL,8.6%,-0.6%,0.4%,73,-11.0%,-11.1%,-11.1%,+.000,-8.9%,-9.4%,+.002,-12.1%,-12.4%,+.002,-9.2%,-5.5%,-.030,-9.3%,-7.0%,-7.5%,-11.6%,-14.5%,-11.7%,-3.1%,-11.0%,-10.6%
Milwaukee Bucks,2018-19,NBA,MIL,3.9%,0.0%,4.1%,82,-0.3%,9.1%,9.8%,-.003,53.9%,54.8%,-.002,-3.5%,-9.3%,+.034,-1.9%,-0.6%,-.010,10.8%,28.6%,24.8%,12.1%,-14.8%,9.7%,0.3%,-8.2%,10.9%
Milwaukee Bucks,2017-18,NBA,MIL,1.2%,-0.8%,-2.2%,82,0.3%,2.4%,1.4%,+.005,-0.3%,4.0%,-.015,3.1%,0.3%,+.015,6.1%,4.1%,+.014,-4.8%,-0.4%,-1.4%,-4.0%,8.4%,1.6%,-1.0%,5.5%,2.8%
Milwaukee Bucks,2016-17,NBA,MIL,8.9%,-0.2%,-2.2%,82,-0.3%,1.2%,-0.4%,+.007,63.6%,52.4%,+.025,-9.0%,-12.7%,+.021,1.5%,-1.3%,+.021,-15.7%,1.2%,-3.1%,4.7%,-0.9%,-8.2%,-8.2%,-2.1%,4.6%
Milwaukee Bucks,2015-16,NBA,MIL,-4.5%,0.9%,5.6%,82,-0.5%,2.0%,0.3%,+.008,-19.3%,-14.9%,-.019,6.6%,4.6%,+.009,6.1%,7.4%,-.009,-2.1%,-0.6%,-1.0%,-1.9%,-14.8%,17.9%,-9.2%,-6.6%,1.2%
Milwaukee Bucks,2014-15,NBA,MIL,-0.4%,0.5%,0.9%,82,0.3%,4.4%,-0.2%,+.020,-0.5%,-3.4%,+.010,5.6%,0.7%,+.022,-4.7%,-5.9%,+.009,-9.8%,7.3%,2.4%,9.8%,45.8%,0.0%,10.9%,5.9%,2.5%
Milwaukee Bucks,2013-14,NBA,MIL,-6.4%,0.5%,2.4%,82,0.3%,-5.6%,-6.4%,+.004,-8.8%,-7.0%,-.007,-4.9%,-6.2%,+.007,10.1%,8.4%,+.011,-9.1%,-5.4%,-6.5%,-6.2%,-21.0%,-26.7%,7.1%,10.2%,-3.4%
Milwaukee Bucks,2012-13,NBA,MIL,0.8%,-0.3%,-1.9%,82,25.0%,25.0%,27.3%,-.008,37.8%,32.0%,+.015,22.3%,26.0%,-.014,14.2%,20.1%,-.038,30.2%,27.9%,28.6%,21.0%,25.0%,64.2%,24.4%,22.1%,24.1%
Milwaukee Bucks,2011-12,NBA,MIL,-1.9%,0.5%,-0.5%,66,-20.0%,-11.1%,-13.6%,+.013,-9.7%,-10.5%,+.003,-11.4%,-14.5%,+.017,-23.0%,-24.8%,+.017,-4.9%,-20.0%,-16.1%,0.3%,-11.2%,-16.0%,-15.8%,-24.3%,-13.3%
Milwaukee Bucks,2010-11,NBA,MIL,1.1%,0.1%,0.0%,82,-0.8%,-7.7%,-6.5%,-.006,-25.1%,-22.0%,-.014,-3.1%,-1.1%,-.009,12.6%,12.3%,+.002,-10.7%,-3.1%,-5.2%,-11.2%,6.4%,3.6%,1.7%,-7.7%,-5.9%
Milwaukee Bucks,2009-10,NBA,MIL,0.4%,-0.6%,-1.4%,82,1.0%,1.4%,3.6%,-.010,26.2%,28.8%,-.007,-3.7%,-3.0%,-.003,-21.6%,-19.0%,-.026,-0.8%,8.2%,5.5%,-3.4%,-4.8%,25.0%,-6.0%,-8.2%,-1.6%
Miami Heat,2020-21,NBA,MIA,5.8%,-0.3%,-1.8%,72,-2.1%,-1.9%,-2.1%,+.001,-4.8%,0.9%,-.021,-0.5%,-4.3%,+.021,-16.6%,-17.4%,+.008,-6.6%,-8.0%,-7.7%,0.2%,4.0%,-13.9%,-6.9%,-9.2%,-4.9%
Miami Heat,2019-20,NBA,MIA,-4.1%,-0.5%,0.0%,73,-10.1%,-11.4%,-14.7%,+.017,5.5%,-2.8%,+.030,-18.2%,-21.6%,+.022,16.3%,3.3%,+.088,-32.7%,-9.0%,-14.8%,-5.0%,-12.8%,-25.9%,-9.9%,-12.3%,-5.6%
Miami Heat,2018-19,NBA,MIA,1.9%,0.4%,1.8%,82,-1.0%,2.1%,3.2%,-.005,2.8%,6.1%,-.011,1.8%,1.5%,+.002,2.4%,11.3%,-.060,20.7%,2.8%,6.6%,6.9%,1.1%,2.5%,2.5%,3.9%,2.2%
Miami Heat,2017-18,NBA,MIA,0.0%,0.1%,-0.5%,82,0.8%,-0.6%,-0.6%,+.000,11.8%,13.2%,-.005,-4.7%,-6.9%,+.012,-3.1%,-9.4%,+.049,-12.5%,3.5%,-0.4%,6.9%,5.4%,-6.8%,7.0%,-1.9%,0.2%
Miami Heat,2016-17,NBA,MIA,-6.7%,-0.8%,-1.4%,82,-0.3%,1.7%,5.1%,-.015,62.2%,49.5%,+.029,-9.7%,-7.5%,-.012,-11.2%,-6.4%,-.038,8.1%,-3.8%,-1.1%,1.9%,6.3%,-11.7%,-4.6%,11.9%,3.1%
Miami Heat,2015-16,NBA,MIA,-0.4%,0.9%,4.2%,82,0.5%,9.2%,5.8%,+.015,-10.4%,-10.8%,+.001,13.9%,11.7%,+.010,-2.2%,-2.6%,+.003,8.0%,14.2%,12.8%,5.1%,-13.9%,42.7%,-4.9%,-8.2%,5.7%
Miami Heat,2014-15,NBA,MIA,-6.9%,0.1%,-1.4%,82,-0.8%,-8.2%,0.9%,-.045,-16.4%,-9.3%,-.028,-6.0%,5.1%,-.059,0.5%,3.0%,-.018,19.1%,2.7%,6.1%,-12.0%,-12.3%,1.4%,0.2%,2.5%,-7.4%
Miami Heat,2013-14,NBA,MIA,1.0%,0.0%,-0.5%,82,0.0%,-0.2%,-1.2%,+.005,-7.3%,1.1%,-.033,1.9%,-2.1%,+.022,0.6%,-0.2%,+.005,-7.2%,-3.7%,-4.5%,-2.3%,3.1%,-16.8%,6.0%,4.1%,-0.7%
Miami Heat,2012-13,NBA,MIA,7.1%,-0.4%,-2.3%,82,23.9%,28.7%,21.8%,+.027,93.8%,75.6%,+.037,17.1%,8.5%,+.039,14.9%,18.1%,-.021,-1.5%,20.9%,15.3%,43.5%,21.4%,24.2%,14.1%,19.6%,29.8%
Miami Heat,2011-12,NBA,MIA,-2.4%,-0.4%,-0.9%,66,-18.9%,-19.3%,-17.3%,-.012,-32.4%,-30.4%,-.011,-16.4%,-13.3%,-.019,-29.7%,-30.2%,+.005,-13.2%,-22.7%,-20.5%,-19.6%,7.5%,-17.4%,-12.3%,-23.4%,-22.3%
Miami Heat,2010-11,NBA,MIA,7.0%,0.9%,2.8%,82,-0.5%,1.6%,-3.3%,+.023,10.7%,3.7%,+.023,-0.2%,-5.3%,+.026,21.2%,18.5%,+.017,-9.7%,4.4%,0.8%,5.9%,-10.1%,-5.9%,5.8%,-2.1%,5.7%
Miami Heat,2009-10,NBA,MIA,5.9%,0.3%,0.0%,82,-0.4%,-1.6%,-1.9%,+.001,-15.1%,-12.6%,-.010,1.5%,1.5%,+.000,2.9%,3.2%,-.002,5.7%,5.9%,5.8%,-7.4%,-7.1%,1.3%,5.2%,0.8%,-1.8%
Memphis Grizzlies,2020-21,NBA,MEM,0.4%,-0.5%,-1.4%,72,-0.9%,-0.7%,-0.4%,-.001,0.6%,-1.7%,+.008,-1.1%,0.3%,-.008,-2.3%,-3.3%,+.008,6.5%,-3.8%,-1.5%,-1.4%,13.7%,-8.5%,-14.0%,-12.7%,-0.8%
Memphis Grizzlies,2019-20,NBA,MEM,-13.0%,-0.8%,3.3%,73,-11.6%,-0.2%,-4.2%,+.019,-1.6%,-3.0%,+.005,0.3%,-4.8%,+.027,-16.6%,-15.6%,-.009,4.3%,-2.2%,-0.8%,0.1%,-15.8%,-11.2%,-3.0%,-14.2%,-3.2%
Memphis Grizzlies,2018-19,NBA,MEM,6.5%,-0.5%,-3.2%,82,0.9%,3.3%,2.0%,+.006,7.0%,10.0%,-.010,2.1%,-1.7%,+.019,6.8%,8.7%,-.014,-7.2%,6.2%,3.1%,11.1%,11.6%,13.1%,-6.5%,-5.2%,4.2%
Memphis Grizzlies,2017-18,NBA,MEM,-11.9%,0.6%,-0.5%,82,-1.0%,1.0%,-1.0%,+.009,-1.2%,-0.8%,-.001,1.7%,-1.0%,+.013,-9.5%,-9.7%,+.002,-12.1%,-2.9%,-5.2%,1.3%,-6.1%,15.1%,15.9%,3.3%,-1.1%
Memphis Grizzlies,2016-17,NBA,MEM,-3.3%,0.4%,0.0%,82,0.4%,-1.2%,-0.1%,-.005,52.2%,42.6%,+.022,-11.8%,-12.2%,+.002,-5.1%,-5.2%,+.002,-3.3%,5.0%,2.8%,2.8%,-9.8%,-1.7%,-2.8%,3.2%,1.4%
Memphis Grizzlies,2015-16,NBA,MEM,3.0%,-0.5%,-1.8%,82,-0.4%,-2.5%,1.4%,-.018,19.1%,22.1%,-.008,-5.9%,-3.2%,-.014,9.6%,8.3%,+.009,7.0%,-5.2%,-2.2%,-4.5%,3.4%,0.9%,-0.4%,13.8%,0.8%
Memphis Grizzlies,2014-15,NBA,MEM,3.9%,-0.5%,0.0%,82,0.5%,-0.8%,0.6%,-.006,4.4%,8.6%,-.014,-1.6%,-1.1%,-.003,17.0%,12.2%,+.032,-9.9%,4.3%,0.4%,-0.8%,10.9%,-7.5%,-2.7%,-0.1%,2.3%
Memphis Grizzlies,2013-14,NBA,MEM,5.6%,0.8%,0.9%,82,0.0%,5.3%,0.7%,+.021,6.0%,3.6%,+.008,5.2%,0.1%,+.024,-8.5%,-4.6%,-.031,-10.3%,3.3%,-0.8%,4.5%,-10.2%,-14.0%,-1.7%,-5.5%,2.9%
Memphis Grizzlies,2012-13,NBA,MEM,5.5%,0.1%,-0.9%,82,24.2%,22.2%,23.2%,-.003,37.9%,30.4%,+.019,20.2%,21.8%,-.006,18.1%,16.1%,+.013,27.4%,25.8%,26.3%,32.9%,11.4%,26.4%,19.8%,26.1%,22.2%
Memphis Grizzlies,2011-12,NBA,MEM,1.6%,-0.1%,0.4%,66,-19.8%,-24.2%,-20.3%,-.023,-10.4%,-8.3%,-.007,-25.7%,-22.2%,-.022,-23.1%,-24.1%,+.009,-14.3%,-18.7%,-17.4%,-23.7%,-18.2%,-21.8%,-16.6%,-22.8%,-23.5%
Memphis Grizzlies,2010-11,NBA,MEM,4.6%,-0.3%,-0.9%,82,-0.1%,-0.7%,-1.1%,+.002,-10.2%,-9.2%,-.004,0.4%,0.3%,+.000,-7.9%,-10.0%,+.017,-9.3%,-4.2%,-5.7%,9.6%,19.5%,10.5%,-8.3%,3.0%,-2.5%
Memphis Grizzlies,2009-10,NBA,MEM,3.4%,0.4%,4.1%,82,0.5%,12.5%,8.9%,+.015,-13.6%,-7.8%,-.023,16.7%,12.5%,+.018,2.8%,6.0%,-.023,26.3%,6.8%,12.0%,8.4%,4.9%,3.6%,-0.3%,-6.9%,9.2%
Los Angeles Lakers,2020-21,NBA,LAL,-4.4%,-0.1%,-0.4%,72,2.1%,-2.7%,-1.1%,-.007,1.8%,0.3%,+.005,-4.3%,-1.9%,-.013,-1.5%,-2.8%,+.010,-8.2%,0.0%,-1.9%,-1.6%,-8.2%,-17.5%,1.7%,-6.4%,-2.1%
Los Angeles Lakers,2019-20,NBA,LAL,12.6%,-0.9%,2.3%,71,-13.6%,-13.9%,-15.6%,+.009,-7.7%,-11.8%,+.015,-15.9%,-17.5%,+.011,-5.7%,-9.5%,+.030,-9.3%,-16.6%,-15.0%,-14.0%,-1.0%,6.4%,-16.1%,-13.5%,-12.1%
Los Angeles Lakers,2018-19,NBA,LAL,10.5%,0.3%,1.4%,82,-0.6%,4.6%,2.4%,+.010,3.0%,6.6%,-.011,5.1%,0.4%,+.024,-2.1%,0.0%,-.015,-4.7%,2.0%,0.4%,7.5%,-2.4%,13.4%,-0.8%,-2.0%,3.4%
Los Angeles Lakers,2017-18,NBA,LAL,-5.6%,0.0%,0.0%,82,1.0%,3.5%,1.2%,+.011,12.6%,13.0%,-.001,0.9%,-3.8%,+.024,-2.4%,3.1%,-.040,-6.1%,11.0%,6.6%,13.6%,-6.1%,21.2%,4.2%,2.2%,3.3%
Los Angeles Lakers,2016-17,NBA,LAL,-5.3%,0.5%,-1.4%,82,-0.1%,11.9%,3.0%,+.036,14.2%,4.7%,+.029,11.3%,2.3%,+.040,-11.7%,-8.6%,-.027,6.3%,-0.3%,1.3%,16.1%,13.7%,-5.0%,10.6%,2.2%,7.4%
Los Angeles Lakers,2015-16,NBA,LAL,-1.9%,-0.3%,0.5%,82,-1.0%,-5.7%,-0.9%,-.021,20.1%,30.4%,-.027,-11.1%,-9.8%,-.007,10.5%,4.8%,+.040,-7.8%,-0.1%,-2.1%,-13.8%,2.6%,-7.9%,3.5%,-4.5%,-1.1%
Los Angeles Lakers,2014-15,NBA,LAL,0.7%,0.0%,1.9%,82,1.1%,-2.7%,0.6%,-.015,-31.3%,-23.9%,-.037,6.6%,10.6%,-.017,3.1%,5.4%,-.017,27.8%,1.0%,7.0%,-14.5%,-5.4%,-17.9%,-12.3%,7.0%,-4.4%
Los Angeles Lakers,2013-14,NBA,LAL,-12.7%,0.4%,-0.9%,82,-0.3%,3.2%,5.1%,-.008,8.3%,0.8%,+.026,1.7%,7.0%,-.025,-12.2%,-19.8%,+.065,-20.9%,-4.1%,-8.4%,10.3%,6.1%,4.0%,0.6%,10.9%,0.7%
Los Angeles Lakers,2012-13,NBA,LAL,3.4%,-0.9%,-4.4%,82,23.0%,25.2%,24.8%,+.001,97.5%,81.2%,+.029,12.5%,9.9%,+.012,31.8%,44.1%,-.064,17.9%,21.4%,20.5%,22.4%,47.7%,22.2%,23.6%,32.3%,30.5%
Los Angeles Lakers,2011-12,NBA,LAL,-1.7%,0.6%,2.7%,66,-19.0%,-22.3%,-21.3%,-.006,-30.9%,-25.2%,-.027,-20.6%,-20.2%,-.003,-22.0%,-19.7%,-.022,-19.2%,-14.0%,-15.4%,-17.5%,-35.2%,-16.8%,-7.1%,-28.7%,-22.8%
Los Angeles Lakers,2010-11,NBA,LAL,6.3%,0.0%,-0.5%,82,0.0%,-0.5%,-1.7%,+.006,-1.5%,-4.8%,+.012,-0.3%,-0.8%,+.002,1.4%,-0.3%,+.013,1.6%,-1.7%,-0.8%,4.1%,-1.6%,5.5%,-2.1%,-2.3%,-0.2%
Los Angeles Lakers,2009-10,NBA,LAL,3.6%,-0.8%,2.3%,82,0.3%,-4.9%,-1.5%,-.016,-2.7%,3.0%,-.020,-5.4%,-2.8%,-.013,-5.5%,-4.9%,-.005,-4.1%,2.9%,0.9%,-9.3%,-14.8%,-4.8%,-0.6%,-6.2%,-4.9%
Los Angeles Clippers,2020-21,NBA,LAC,5.1%,0.9%,1.9%,72,-0.6%,0.6%,-2.8%,+.016,14.7%,3.7%,+.040,-5.5%,-6.7%,+.007,-22.3%,-26.8%,+.048,-11.6%,-6.1%,-7.3%,2.8%,-0.4%,-12.7%,-9.6%,-13.2%,-2.0%
Los Angeles Clippers,2019-20,NBA,LAC,0.7%,-0.5%,1.9%,72,-12.4%,-11.6%,-10.5%,-.006,9.0%,13.8%,-.016,-18.2%,-20.7%,+.016,-19.2%,-19.1%,-.001,-3.6%,-9.3%,-8.1%,-13.3%,-8.9%,-12.2%,-11.9%,-16.7%,-11.3%
Los Angeles Clippers,2018-19,NBA,LAC,0.7%,-0.1%,-4.1%,82,0.6%,2.5%,2.5%,-.000,5.7%,-3.6%,+.034,1.5%,5.2%,-.019,19.1%,11.7%,+.049,-4.3%,6.1%,3.7%,7.5%,-10.7%,3.2%,-0.9%,16.8%,5.7%
Los Angeles Clippers,2017-18,NBA,LAC,-10.0%,0.3%,-0.9%,82,-0.3%,1.9%,2.7%,-.004,-7.6%,-2.2%,-.021,5.2%,5.1%,+.000,-1.9%,-1.6%,-.003,12.7%,-0.9%,2.0%,-0.9%,2.6%,7.5%,13.4%,0.7%,0.3%
Los Angeles Clippers,2016-17,NBA,LAC,1.0%,-0.1%,1.4%,82,-0.4%,3.2%,0.9%,+.011,5.5%,2.5%,+.011,2.4%,0.1%,+.012,6.4%,-1.1%,+.053,2.4%,2.3%,2.3%,-1.3%,-13.7%,-24.6%,-0.1%,-6.9%,4.0%
Los Angeles Clippers,2015-16,NBA,LAC,3.1%,-0.5%,-1.4%,82,0.5%,-2.7%,-1.0%,-.008,-3.6%,-0.5%,-.012,-2.4%,-1.3%,-.006,1.5%,4.1%,-.018,-8.0%,0.6%,-1.3%,-7.8%,10.8%,12.5%,5.0%,-0.2%,-2.1%
Los Angeles Clippers,2014-15,NBA,LAC,2.5%,0.3%,2.3%,82,-0.1%,0.6%,1.0%,-.002,19.3%,12.0%,+.023,-4.5%,-3.5%,-.006,-15.7%,-13.3%,-.020,-8.6%,1.6%,-0.9%,0.7%,-9.0%,3.0%,-10.9%,-1.0%,-1.1%
Los Angeles Clippers,2013-14,NBA,LAC,-2.4%,-0.4%,-0.9%,82,0.1%,1.5%,2.3%,-.004,10.5%,12.2%,-.005,-0.7%,-1.3%,+.003,29.7%,26.3%,+.019,-8.5%,7.8%,3.3%,3.0%,-10.3%,-13.9%,-5.1%,3.0%,6.8%
Los Angeles Clippers,2012-13,NBA,LAC,5.5%,1.0%,-0.5%,82,23.6%,29.6%,23.1%,+.024,22.0%,21.6%,+.001,31.6%,23.7%,+.031,28.3%,22.8%,+.031,17.2%,27.4%,24.4%,41.4%,41.0%,46.3%,36.2%,22.7%,28.8%
Los Angeles Clippers,2011-12,NBA,LAC,11.0%,-0.9%,-4.8%,66,-19.6%,-19.1%,-18.6%,-.003,0.2%,-5.1%,+.019,-23.1%,-22.7%,-.003,-32.3%,-29.7%,-.027,-16.2%,-22.3%,-20.6%,-23.6%,-5.0%,-21.6%,-34.5%,-19.3%,-20.4%
Los Angeles Clippers,2010-11,NBA,LAC,-9.9%,-0.6%,3.2%,82,0.8%,0.4%,-0.1%,+.002,6.2%,4.3%,+.006,-0.7%,-1.3%,+.003,13.5%,17.1%,-.023,3.0%,-0.0%,0.8%,0.2%,10.0%,-13.7%,4.5%,9.6%,3.1%
Los Angeles Clippers,2009-10,NBA,LAC,2.6%,0.4%,0.0%,82,-0.9%,1.6%,-1.4%,+.013,-9.7%,-3.7%,-.022,4.1%,-0.8%,+.023,0.6%,1.5%,-.007,4.2%,5.3%,5.0%,5.0%,-7.0%,-3.3%,5.2%,-4.2%,0.6%
Indiana Pacers,2020-21,NBA,IND,3.5%,-0.5%,-0.5%,72,-0.9%,1.3%,1.7%,-.002,19.7%,19.5%,+.000,-4.5%,-6.6%,+.011,7.9%,7.2%,+.006,1.9%,-2.6%,-1.7%,4.5%,12.5%,22.3%,0.8%,0.6%,3.9%
Indiana Pacers,2019-20,NBA,IND,-5.2%,-0.1%,-0.9%,73,-10.6%,-9.3%,-9.5%,+.001,-4.6%,-1.7%,-.011,-10.7%,-12.7%,+.012,-15.6%,-19.3%,+.035,-16.5%,-10.0%,-11.4%,-11.3%,-23.8%,-6.9%,-13.8%,-9.3%,-9.8%
Indiana Pacers,2018-19,NBA,IND,3.1%,0.4%,-0.5%,82,-0.3%,1.3%,0.7%,+.003,5.1%,3.5%,+.006,0.3%,-0.4%,+.003,6.0%,9.8%,-.027,-3.3%,3.1%,1.6%,17.0%,-1.1%,18.8%,3.0%,3.2%,2.3%
Indiana Pacers,2017-18,NBA,IND,-3.0%,-0.3%,-1.4%,82,-0.5%,3.8%,2.2%,+.008,4.5%,6.6%,-.007,3.7%,0.5%,+.015,-16.5%,-13.1%,-.031,6.2%,-0.7%,0.8%,-1.4%,7.8%,-16.9%,-3.6%,-3.3%,0.4%
Indiana Pacers,2016-17,NBA,IND,0.4%,-0.5%,0.9%,82,-0.1%,2.5%,-0.8%,+.015,6.9%,-0.2%,+.025,1.3%,-1.0%,+.011,2.6%,-3.3%,+.046,-12.4%,-2.8%,-5.0%,5.9%,-9.8%,4.6%,-7.3%,-2.7%,2.9%
Indiana Pacers,2015-16,NBA,IND,-4.9%,-0.6%,-1.4%,82,0.1%,4.8%,2.4%,+.010,8.3%,8.6%,-.001,3.9%,0.2%,+.017,4.2%,3.0%,+.008,-1.1%,-1.5%,-1.4%,-0.9%,46.9%,4.3%,6.3%,-5.8%,5.0%
Indiana Pacers,2014-15,NBA,IND,4.0%,0.0%,0.0%,82,0.4%,1.7%,3.8%,-.009,11.3%,12.8%,-.005,-0.5%,1.1%,-.008,-7.5%,-4.7%,-.023,2.6%,-0.3%,0.4%,6.4%,-8.2%,-15.9%,-7.3%,4.0%,0.6%
Indiana Pacers,2013-14,NBA,IND,5.8%,0.3%,0.0%,82,1.0%,3.7%,0.7%,+.013,-0.9%,-3.6%,+.010,4.8%,2.1%,+.012,3.9%,-0.4%,+.032,-20.0%,6.0%,-1.3%,0.4%,-5.2%,-13.1%,0.8%,3.2%,3.4%
Indiana Pacers,2012-13,NBA,IND,-2.3%,0.3%,1.4%,81,22.5%,20.9%,21.4%,-.002,41.6%,50.3%,-.021,16.7%,14.3%,+.010,5.9%,11.1%,-.036,26.3%,29.0%,28.2%,34.0%,10.9%,43.7%,32.6%,13.5%,19.0%
Indiana Pacers,2011-12,NBA,IND,1.5%,-0.5%,-0.5%,66,-19.2%,-21.6%,-20.8%,-.005,-33.0%,-35.6%,+.015,-18.9%,-16.0%,-.016,-15.3%,-15.3%,+.000,-9.6%,-22.1%,-18.9%,-23.8%,-10.4%,-21.7%,-26.7%,-19.8%,-21.2%
Indiana Pacers,2010-11,NBA,IND,-2.6%,0.5%,-0.5%,82,0.4%,-0.6%,-0.5%,-.000,-11.2%,-12.8%,+.006,2.4%,4.2%,-.008,1.8%,0.8%,+.008,16.4%,1.5%,4.9%,-6.9%,-0.2%,3.9%,2.4%,-3.6%,-1.0%
Indiana Pacers,2009-10,NBA,IND,0.4%,0.0%,1.4%,82,-0.6%,-6.2%,-3.6%,-.012,1.1%,9.9%,-.030,-8.1%,-8.0%,-.000,2.6%,6.8%,-.032,-15.0%,-1.6%,-5.1%,-2.5%,2.1%,1.2%,3.6%,-2.5%,-4.1%
Houston Rockets,2020-21,NBA,HOU,-9.2%,0.5%,0.5%,72,-0.4%,-3.7%,-2.1%,-.007,-11.9%,-10.4%,-.006,1.3%,6.1%,-.025,-19.9%,-14.4%,-.051,-4.7%,-3.5%,-3.8%,9.1%,-12.9%,-2.7%,0.3%,-10.2%,-7.7%
Houston Rockets,2019-20,NBA,HOU,0.0%,-1.2%,-0.5%,72,-12.4%,-8.8%,-9.1%,+.002,-14.9%,-12.4%,-.010,-4.5%,-5.5%,+.006,-6.2%,-6.2%,+.000,-15.8%,-4.9%,-7.6%,-10.6%,-10.4%,-8.4%,-3.4%,-13.1%,-9.2%
Houston Rockets,2018-19,NBA,HOU,-2.0%,-0.9%,-1.8%,82,0.4%,1.4%,3.7%,-.010,5.3%,7.2%,-.006,-1.2%,0.2%,-.008,-1.7%,-2.9%,+.010,13.1%,-7.5%,-3.2%,-1.5%,0.1%,3.3%,-3.6%,12.9%,1.4%
Houston Rockets,2017-18,NBA,HOU,8.8%,-0.1%,1.8%,82,-0.1%,-4.0%,-3.4%,-.003,6.4%,5.0%,+.005,-9.7%,-10.7%,+.006,-3.5%,-5.3%,+.015,-17.2%,2.9%,-2.0%,-14.6%,4.3%,11.4%,-8.5%,-2.3%,-2.6%
Houston Rockets,2016-17,NBA,HOU,-1.4%,0.3%,0.9%,82,-0.3%,6.8%,4.5%,+.010,34.5%,30.5%,+.011,-4.2%,-10.8%,+.039,-0.2%,-9.6%,+.072,-4.1%,5.6%,3.0%,13.7%,-18.4%,-18.1%,-5.1%,-8.7%,8.3%
Houston Rockets,2015-16,NBA,HOU,0.7%,-0.5%,2.8%,82,0.1%,2.0%,0.2%,+.008,-5.9%,-5.5%,-.002,5.6%,3.9%,+.008,9.6%,12.8%,-.021,-2.9%,-0.9%,-1.4%,0.1%,5.7%,5.7%,-4.3%,-0.7%,2.5%
Houston Rockets,2014-15,NBA,HOU,8.7%,-0.1%,-2.3%,82,-0.1%,-2.8%,3.5%,-.028,19.8%,23.0%,-.009,-10.3%,-6.1%,-.023,-15.9%,-16.3%,+.003,4.1%,-6.2%,-3.6%,3.7%,25.1%,-11.7%,3.3%,7.6%,-3.5%
Houston Rockets,2013-14,NBA,HOU,4.1%,-0.1%,-2.3%,82,0.3%,-0.2%,-2.6%,+.012,-10.1%,-8.0%,-.008,3.6%,0.2%,+.017,15.3%,22.1%,-.042,1.2%,5.5%,4.4%,-7.7%,-8.5%,28.4%,-1.9%,0.8%,1.6%
Houston Rockets,2012-13,NBA,HOU,-6.9%,0.3%,4.7%,82,23.1%,25.5%,22.4%,+.012,81.4%,78.1%,+.007,12.2%,4.7%,+.034,54.5%,60.4%,-.029,18.2%,31.7%,28.0%,35.5%,36.9%,12.5%,41.2%,23.4%,34.2%
Houston Rockets,2011-12,NBA,HOU,-1.1%,0.9%,-0.5%,66,-19.2%,-21.5%,-20.5%,-.005,-29.4%,-27.8%,-.008,-19.3%,-17.9%,-.008,-39.0%,-37.5%,-.018,-20.1%,-21.0%,-20.7%,-28.2%,-14.6%,-14.0%,-14.0%,-17.9%,-25.5%
Houston Rockets,2010-11,NBA,HOU,1.9%,0.0%,0.0%,82,-0.1%,2.5%,0.8%,+.008,4.8%,0.3%,+.016,1.8%,0.9%,+.004,6.9%,3.0%,+.029,-0.9%,3.2%,2.0%,9.2%,-0.3%,16.7%,-6.6%,-4.1%,3.5%
Houston Rockets,2009-10,NBA,HOU,-6.8%,-1.4%,-6.2%,82,0.5%,4.6%,6.1%,-.007,4.0%,11.0%,-.024,4.7%,4.4%,+.001,2.0%,6.3%,-.033,12.6%,-7.2%,-2.3%,7.7%,6.4%,-10.4%,2.6%,10.2%,4.0%
Washington Wizards,2020-21,NBA,WAS,6.0%,0.8%,2.4%,72,0.3%,3.9%,0.0%,+.018,-15.2%,-11.0%,-.017,11.7%,6.2%,+.026,3.9%,6.4%,-.018,-4.8%,11.4%,7.5%,1.9%,-8.0%,-3.9%,1.7%,-4.8%,1.9%
Washington Wizards,2019-20,NBA,WAS,-5.3%,-2.1%,-4.1%,72,-12.9%,-13.5%,-11.4%,-.011,-7.1%,-14.1%,+.028,-15.8%,-9.8%,-.036,-7.6%,-9.8%,+.019,-7.8%,-14.3%,-12.8%,-16.4%,-16.0%,-18.5%,-11.6%,-3.9%,-11.9%
Washington Wizards,2018-19,NBA,WAS,-1.5%,0.3%,1.9%,82,0.4%,5.5%,5.3%,+.001,14.3%,25.7%,-.034,2.6%,-3.9%,+.035,9.4%,9.9%,-.003,-3.5%,-1.3%,-1.8%,4.3%,5.9%,7.4%,-3.5%,-2.6%,7.0%
Washington Wizards,2017-18,NBA,WAS,3.5%,-0.1%,0.0%,82,0.0%,-3.3%,-1.7%,-.008,7.7%,7.0%,+.002,-6.5%,-5.1%,-.007,-3.0%,-1.4%,-.013,-2.4%,1.6%,0.6%,5.6%,-6.9%,5.1%,2.9%,0.1%,-2.4%
Washington Wizards,2016-17,NBA,WAS,-4.8%,0.6%,0.9%,82,0.5%,4.6%,1.5%,+.014,6.6%,2.4%,+.015,4.1%,1.1%,+.015,5.3%,-2.0%,+.055,13.5%,-0.6%,2.4%,-2.4%,-2.1%,4.0%,-2.0%,2.2%,4.9%
Washington Wizards,2015-16,NBA,WAS,-4.5%,-0.8%,-3.2%,82,-1.0%,3.2%,3.6%,-.002,42.7%,43.6%,-.002,-4.3%,-6.6%,+.012,3.4%,5.2%,-.013,-13.8%,-4.0%,-6.3%,1.8%,17.8%,-14.6%,-3.8%,0.1%,5.6%
Washington Wizards,2014-15,NBA,WAS,8.7%,0.4%,1.4%,82,-0.5%,-1.2%,-1.9%,+.003,-23.2%,-19.0%,-.020,4.4%,3.7%,+.003,4.2%,2.5%,+.012,-2.7%,8.9%,5.9%,3.1%,-10.0%,0.3%,2.4%,1.9%,-2.1%
Washington Wizards,2013-14,NBA,WAS,3.5%,0.3%,-0.9%,82,1.0%,9.2%,3.4%,+.024,18.7%,14.0%,+.015,7.0%,0.3%,+.030,-2.0%,-1.8%,-.002,-0.1%,-3.0%,-2.3%,7.5%,11.7%,0.3%,-2.7%,-0.4%,8.0%
Washington Wizards,2012-13,NBA,WAS,5.0%,-0.3%,0.0%,82,25.1%,20.5%,22.2%,-.006,58.4%,39.1%,+.045,14.3%,18.1%,-.015,26.9%,26.0%,+.005,14.5%,34.3%,28.7%,40.6%,13.5%,-9.8%,22.8%,19.6%,23.7%
Washington Wizards,2011-12,NBA,WAS,-2.8%,-0.4%,1.9%,66,-20.4%,-20.8%,-20.5%,-.002,-12.2%,-9.1%,-.012,-22.1%,-22.9%,+.005,-32.3%,-30.7%,-.018,-23.5%,-16.8%,-18.8%,-20.7%,-20.8%,-16.9%,-19.9%,-24.1%,-22.5%
Washington Wizards,2010-11,NBA,WAS,-9.8%,0.5%,0.0%,82,0.5%,1.3%,2.8%,-.006,-9.3%,-3.5%,-.021,3.1%,4.2%,-.005,3.1%,5.5%,-.017,4.9%,-3.4%,-1.1%,2.2%,34.9%,19.2%,3.2%,5.6%,1.1%
Washington Wizards,2009-10,NBA,WAS,2.6%,-0.4%,0.0%,82,0.6%,0.5%,0.7%,-.001,9.4%,2.3%,+.023,-0.9%,0.3%,-.006,-3.3%,-2.7%,-.005,1.0%,5.5%,4.2%,-5.1%,-20.4%,15.3%,6.4%,4.3%,0.2%
Utah Jazz,2020-21,NBA,UTA,4.4%,0.0%,0.0%,72,0.0%,2.9%,3.5%,-.002,25.1%,22.1%,+.009,-8.2%,-9.7%,+.009,-3.4%,-5.8%,+.020,16.6%,5.1%,7.5%,5.4%,8.2%,27.1%,-6.1%,-9.1%,4.6%
Utah Jazz,2019-20,NBA,UTA,0.0%,-1.3%,-0.9%,72,-12.1%,-12.9%,-13.4%,+.003,-3.0%,-9.0%,+.024,-17.1%,-16.3%,-.005,-17.0%,-21.6%,+.043,-20.0%,-13.6%,-14.9%,-24.3%,-33.9%,-39.5%,-12.2%,-15.0%,-12.5%
Utah Jazz,2018-19,NBA,UTA,2.2%,-0.3%,0.0%,82,0.0%,5.6%,4.2%,+.006,12.0%,15.0%,-.010,3.1%,-1.8%,+.026,12.0%,18.5%,-.042,10.8%,6.2%,7.2%,16.0%,-6.4%,15.0%,2.9%,7.5%,7.3%
Utah Jazz,2017-18,NBA,UTA,-0.4%,-0.9%,-0.4%,82,0.0%,3.5%,4.3%,-.004,12.1%,14.0%,-.006,0.4%,-0.3%,+.004,-1.9%,-5.8%,+.031,-4.0%,1.2%,0.1%,11.4%,28.7%,2.4%,7.8%,4.1%,3.4%
Utah Jazz,2016-17,NBA,UTA,10.7%,0.4%,1.4%,82,-1.0%,2.6%,-1.2%,+.017,14.0%,8.8%,+.017,-0.9%,-5.4%,+.023,-0.1%,-0.5%,+.003,-12.4%,4.1%,0.0%,6.2%,-12.8%,-3.5%,-8.7%,-6.6%,3.1%
Utah Jazz,2015-16,NBA,UTA,3.4%,0.0%,2.8%,82,1.3%,2.0%,1.6%,+.002,13.8%,9.8%,+.012,-1.2%,-1.6%,+.002,0.8%,-2.3%,+.023,-10.9%,1.8%,-1.7%,-4.7%,1.3%,-13.1%,-2.5%,4.5%,2.7%
Utah Jazz,2014-15,NBA,UTA,-4.5%,0.9%,0.5%,82,-0.4%,-1.7%,-2.4%,+.003,12.3%,12.9%,-.002,-4.9%,-7.2%,+.012,3.3%,7.0%,-.025,9.3%,5.7%,6.6%,-1.9%,9.3%,33.6%,4.7%,-6.8%,0.1%
Utah Jazz,2013-14,NBA,UTA,-6.8%,-0.1%,-4.0%,82,-0.5%,-3.1%,-0.9%,-.010,7.1%,13.9%,-.022,-5.2%,-4.7%,-.002,-6.5%,-4.2%,-.018,-8.6%,0.8%,-1.9%,-10.5%,-17.4%,-28.9%,-0.8%,-2.9%,-3.1%
Utah Jazz,2012-13,NBA,UTA,2.7%,0.0%,0.9%,82,23.0%,20.7%,21.3%,-.002,85.7%,63.9%,+.043,12.8%,13.6%,-.003,14.4%,12.9%,+.010,14.9%,19.6%,18.2%,29.2%,26.6%,33.8%,29.3%,21.4%,22.2%
Utah Jazz,2011-12,NBA,UTA,-4.5%,0.3%,-0.9%,66,-18.7%,-17.7%,-16.1%,-.009,-37.2%,-32.7%,-.023,-14.4%,-12.1%,-.013,-20.9%,-19.1%,-.017,-4.1%,-12.1%,-9.9%,-25.1%,-13.4%,-20.5%,-20.3%,-22.7%,-19.3%
Utah Jazz,2010-11,NBA,UTA,4.7%,-0.3%,-1.8%,82,0.6%,-5.1%,0.2%,-.026,-0.9%,4.1%,-.017,-5.7%,-0.6%,-.026,-3.9%,-7.7%,+.031,3.0%,-9.7%,-6.5%,-12.2%,-6.8%,21.0%,-5.7%,0.3%,-4.6%
Utah Jazz,2009-10,NBA,UTA,0.4%,0.1%,1.3%,82,-0.6%,2.7%,-0.7%,+.016,12.0%,7.6%,+.014,1.3%,-2.4%,+.019,-8.8%,-5.1%,-.031,-7.2%,6.8%,2.9%,8.1%,-6.1%,7.0%,3.0%,1.6%,0.6%
Toronto Raptors,2020-21,NBA,TOR,0.0%,-0.4%,0.0%,72,-0.4%,-1.3%,0.8%,-.010,4.6%,6.3%,-.006,-4.4%,-3.2%,-.007,-5.8%,-8.0%,+.019,-0.7%,-10.4%,-8.4%,-4.5%,-2.8%,8.7%,-10.8%,-2.1%,-1.3%
Toronto Raptors,2019-20,NBA,TOR,-2.6%,-0.6%,-1.8%,72,-12.6%,-16.3%,-13.3%,-.016,-2.0%,-3.9%,+.007,-22.2%,-19.1%,-.021,-8.3%,-7.4%,-.008,-12.8%,-11.5%,-11.8%,-12.9%,-6.5%,-18.1%,-7.2%,-9.6%,-13.5%
Toronto Raptors,2018-19,NBA,TOR,5.8%,-0.5%,-1.8%,82,0.3%,2.3%,1.9%,+.002,4.9%,2.4%,+.008,1.2%,1.6%,-.002,1.9%,0.7%,+.009,-1.8%,4.0%,2.7%,4.5%,8.6%,-12.6%,5.0%,-3.3%,2.5%
Toronto Raptors,2017-18,NBA,TOR,-1.1%,-0.1%,0.5%,82,0.3%,5.4%,3.6%,+.008,33.5%,35.5%,-.005,-2.9%,-9.3%,+.036,-12.0%,-11.7%,-.002,-8.2%,4.9%,1.7%,31.5%,-7.5%,25.0%,5.2%,4.4%,4.5%
Toronto Raptors,2016-17,NBA,TOR,-0.8%,0.3%,0.0%,82,0.0%,6.8%,3.7%,+.013,2.4%,4.2%,-.006,8.2%,3.5%,+.022,-5.1%,-7.4%,+.019,4.2%,-1.8%,-0.4%,-1.2%,6.4%,-10.9%,-3.0%,6.1%,4.0%
Toronto Raptors,2015-16,NBA,TOR,0.8%,-0.1%,4.2%,82,-0.4%,-3.3%,-2.3%,-.004,-2.5%,-7.0%,+.017,-3.5%,-0.3%,-.016,7.4%,8.7%,-.010,-5.1%,7.8%,4.5%,-9.7%,3.4%,25.8%,1.5%,-6.0%,-1.2%
Toronto Raptors,2014-15,NBA,TOR,2.0%,0.0%,0.9%,82,-0.5%,3.9%,1.7%,+.010,1.8%,7.5%,-.020,4.5%,-0.7%,+.025,-1.4%,-2.0%,+.005,-5.8%,-1.0%,-2.3%,-2.1%,6.6%,4.1%,-8.8%,-9.0%,2.7%
Toronto Raptors,2013-14,NBA,TOR,0.8%,0.0%,-0.9%,82,-0.1%,0.4%,0.5%,-.000,24.9%,15.1%,+.029,-5.4%,-4.4%,-.005,11.5%,12.2%,-.005,7.3%,5.2%,5.8%,-1.6%,-3.0%,-12.5%,3.1%,2.5%,4.2%
Toronto Raptors,2012-13,NBA,TOR,-1.2%,-0.9%,-4.1%,82,25.1%,31.3%,29.7%,+.006,56.4%,54.9%,+.003,26.5%,23.1%,+.013,32.9%,29.9%,+.018,25.0%,17.0%,19.0%,27.7%,38.7%,22.1%,12.3%,19.8%,33.2%
Toronto Raptors,2011-12,NBA,TOR,4.9%,0.3%,1.8%,66,-19.3%,-27.9%,-23.7%,-.025,5.8%,-1.5%,+.023,-32.0%,-28.0%,-.028,-27.2%,-28.6%,+.015,-27.6%,-11.5%,-16.2%,-23.0%,-26.2%,-8.3%,-17.0%,-15.2%,-26.3%
Toronto Raptors,2010-11,NBA,TOR,-2.8%,-0.6%,0.9%,82,0.0%,-1.7%,1.9%,-.017,-33.4%,-21.9%,-.055,4.4%,8.2%,-.018,-7.8%,-6.7%,-.009,19.5%,-6.5%,-0.2%,-0.5%,23.9%,-8.9%,9.6%,-0.7%,-4.8%
Toronto Raptors,2009-10,NBA,TOR,-6.7%,0.0%,-0.5%,82,-0.1%,4.7%,-0.6%,+.025,8.1%,8.4%,-.001,4.1%,-2.8%,+.034,5.5%,13.8%,-.060,0.5%,-0.2%,-0.1%,-1.7%,-10.3%,-1.5%,0.2%,14.2%,5.1%
San Antonio Spurs,2020-21,NBA,SAS,-5.1%,0.0%,-0.9%,72,1.5%,0.6%,2.6%,-.009,-5.8%,1.2%,-.026,2.8%,3.3%,-.002,-7.0%,-4.8%,-.018,4.5%,-1.6%,-0.4%,0.5%,-2.5%,-6.2%,-8.3%,-6.1%,-1.2%
San Antonio Spurs,2019-20,NBA,SAS,-4.2%,-0.9%,-0.9%,71,-13.1%,-13.6%,-12.4%,-.007,-6.4%,-2.4%,-.016,-15.9%,-16.4%,+.003,-4.3%,-3.3%,-.009,-15.5%,-13.1%,-13.6%,-13.0%,3.4%,1.0%,-9.8%,-7.4%,-11.6%
San Antonio Spurs,2018-19,NBA,SAS,-1.7%,0.1%,1.9%,82,0.4%,8.3%,3.6%,+.021,16.7%,4.8%,+.040,6.0%,3.1%,+.014,6.3%,0.3%,+.047,-10.8%,4.8%,1.1%,7.8%,-20.2%,-16.1%,-8.0%,5.6%,8.7%
San Antonio Spurs,2017-18,NBA,SAS,-1.0%,-0.6%,-3.6%,82,-0.4%,-0.6%,2.0%,-.012,-7.6%,2.6%,-.039,1.5%,1.7%,-.001,-8.1%,-5.0%,-.025,3.4%,0.0%,0.8%,-4.4%,-4.1%,-5.0%,-2.1%,-6.0%,-2.5%
San Antonio Spurs,2016-17,NBA,SAS,-2.3%,0.3%,-0.4%,82,0.5%,-2.0%,1.0%,-.014,32.1%,26.9%,+.015,-9.2%,-6.5%,-.015,7.3%,8.0%,-.005,6.6%,-1.9%,-0.1%,-2.8%,-3.2%,-0.2%,2.8%,4.5%,1.7%
San Antonio Spurs,2015-16,NBA,SAS,1.7%,0.3%,3.7%,82,-1.3%,2.5%,-0.8%,+.016,-15.8%,-17.8%,+.009,7.4%,5.4%,+.010,-1.9%,-4.7%,+.023,-4.5%,2.1%,0.6%,0.5%,3.0%,9.2%,-6.5%,-8.4%,0.3%
San Antonio Spurs,2014-15,NBA,SAS,3.1%,0.5%,0.9%,82,1.0%,-3.5%,0.1%,-.018,-3.0%,5.1%,-.031,-3.7%,-1.6%,-.011,6.1%,6.8%,-.005,5.8%,-0.5%,0.8%,-3.1%,8.8%,5.7%,-2.9%,4.6%,-2.1%
San Antonio Spurs,2013-14,NBA,SAS,1.0%,-0.5%,-1.8%,82,-0.6%,3.6%,2.5%,+.005,5.3%,-0.4%,+.021,3.2%,3.6%,-.002,-5.6%,-4.8%,-.006,14.4%,2.4%,4.8%,0.3%,-13.1%,-5.8%,-2.2%,4.8%,2.3%
San Antonio Spurs,2012-13,NBA,SAS,4.0%,0.1%,-1.8%,82,24.7%,22.9%,22.2%,+.003,20.1%,25.6%,-.017,23.7%,21.0%,+.011,27.9%,20.9%,+.044,-2.5%,26.4%,19.4%,34.7%,41.8%,52.2%,34.7%,24.8%,23.5%
San Antonio Spurs,2011-12,NBA,SAS,-4.5%,0.5%,1.8%,66,-19.4%,-17.1%,-17.6%,+.003,-19.4%,-18.6%,-.004,-16.4%,-17.2%,+.005,-29.8%,-28.1%,-.019,-17.6%,-17.3%,-17.4%,-16.8%,-18.6%,-21.2%,-18.7%,-26.5%,-19.5%
San Antonio Spurs,2010-11,NBA,SAS,0.3%,-0.1%,0.0%,82,0.0%,-0.1%,-0.5%,+.002,23.6%,11.6%,+.039,-5.1%,-4.1%,-.005,4.3%,0.8%,+.026,-6.5%,-0.7%,-2.2%,0.4%,16.7%,-2.4%,-1.3%,-6.8%,2.3%
San Antonio Spurs,2009-10,NBA,SAS,-5.6%,-0.4%,1.9%,82,-0.6%,3.6%,1.9%,+.007,-11.4%,-4.5%,-.028,7.4%,4.0%,+.016,16.7%,20.0%,-.021,21.8%,-0.6%,4.2%,5.4%,8.9%,15.8%,15.9%,8.0%,4.4%
Sacramento Kings,2020-21,NBA,SAC,-5.2%,-0.3%,-1.8%,72,-0.9%,4.2%,0.3%,+.018,-4.4%,-4.4%,+.000,8.1%,3.3%,+.024,4.8%,8.3%,-.025,-3.0%,-2.7%,-2.8%,7.2%,-2.3%,22.2%,-7.7%,-12.2%,3.3%
Sacramento Kings,2019-20,NBA,SAC,8.9%,-0.4%,1.9%,72,-11.5%,-16.9%,-16.7%,-.001,-1.4%,2.3%,-.014,-22.4%,-25.6%,+.022,-16.8%,-21.5%,+.044,-23.3%,-15.9%,-17.7%,-17.8%,-18.1%,-19.3%,-4.7%,-8.9%,-15.3%
Sacramento Kings,2018-19,NBA,SAC,-5.7%,0.0%,0.0%,82,-0.1%,11.4%,8.1%,+.014,25.6%,24.8%,+.002,7.1%,1.7%,+.025,34.3%,36.0%,-.009,16.6%,9.3%,11.0%,17.8%,5.6%,6.8%,-2.7%,6.8%,15.5%
Sacramento Kings,2017-18,NBA,SAC,-5.4%,0.5%,-2.7%,82,-0.6%,2.4%,4.9%,-.011,0.1%,0.4%,-.001,3.1%,6.7%,-.017,-32.0%,-28.3%,-.040,8.7%,-2.8%,-0.4%,-4.1%,2.6%,4.9%,-6.3%,-1.7%,-3.9%
Sacramento Kings,2016-17,NBA,SAC,4.5%,0.1%,0.0%,82,0.4%,-5.4%,-4.9%,-.002,11.7%,6.6%,+.017,-9.7%,-9.0%,-.004,-2.0%,-8.4%,+.050,-17.6%,-3.9%,-7.2%,-8.2%,-14.5%,-12.0%,-9.4%,-0.5%,-3.5%
Sacramento Kings,2015-16,NBA,SAC,2.3%,-0.8%,-0.5%,82,-0.3%,9.1%,7.0%,+.009,43.2%,36.2%,+.017,2.9%,-0.4%,+.016,-17.2%,-13.0%,-.037,-3.0%,1.2%,0.1%,20.5%,33.3%,13.6%,-0.5%,-1.2%,5.2%
Sacramento Kings,2014-15,NBA,SAC,4.4%,0.8%,-0.9%,82,0.1%,-0.5%,-2.2%,+.008,-6.1%,-8.5%,+.009,0.6%,-0.5%,+.005,7.7%,7.3%,+.003,-9.6%,2.7%,-0.6%,7.8%,-6.3%,1.9%,6.7%,-8.3%,0.8%
Sacramento Kings,2013-14,NBA,SAC,-2.7%,0.4%,0.9%,82,0.0%,-1.9%,-2.0%,+.000,-19.5%,-12.3%,-.030,2.4%,1.3%,+.005,18.2%,19.7%,-.010,5.0%,11.4%,9.6%,-9.4%,-12.5%,-7.0%,4.2%,7.7%,0.3%
Sacramento Kings,2012-13,NBA,SAC,5.3%,-0.3%,-0.5%,82,24.6%,23.9%,20.9%,+.011,48.4%,29.2%,+.047,19.1%,18.4%,+.003,27.5%,22.0%,+.033,6.9%,22.5%,17.6%,34.4%,19.6%,5.9%,25.9%,33.4%,26.1%
Sacramento Kings,2011-12,NBA,SAC,-2.0%,-1.5%,-2.2%,66,-19.8%,-20.5%,-18.2%,-.013,-4.0%,1.9%,-.019,-23.2%,-22.6%,-.003,-22.5%,-22.7%,+.001,-17.6%,-22.9%,-21.4%,-24.1%,-7.7%,-17.4%,-28.1%,-28.7%,-20.0%
Sacramento Kings,2010-11,NBA,SAC,2.9%,-0.4%,0.4%,82,-0.1%,-0.3%,1.2%,-.007,-11.2%,-7.7%,-.013,1.7%,3.4%,-.008,1.7%,0.6%,+.008,9.6%,0.3%,2.9%,-0.2%,7.8%,6.8%,8.0%,-1.2%,-0.6%
Sacramento Kings,2009-10,NBA,SAC,-8.4%,0.5%,4.6%,82,-0.1%,5.2%,3.1%,+.009,-17.7%,-13.2%,-.019,10.7%,8.3%,+.011,-15.0%,-6.5%,-.072,16.3%,6.4%,9.0%,3.7%,-0.9%,4.9%,-3.2%,-4.3%,-0.6%
Golden State Warriors,2020-21,NBA,GSW,9.4%,-0.4%,-5.5%,72,10.0%,18.4%,10.8%,+.030,54.6%,37.3%,+.042,5.1%,-3.8%,+.046,-1.7%,0.6%,-.019,-11.3%,18.1%,11.2%,19.7%,9.9%,14.4%,11.5%,17.0%,18.4%
Golden State Warriors,2019-20,NBA,GSW,-14.1%,-1.5%,0.0%,65,-20.6%,-30.5%,-22.2%,-.053,-37.6%,-28.0%,-.051,-27.4%,-18.5%,-.061,-9.3%,-9.6%,+.003,-18.8%,-28.5%,-26.5%,-31.1%,-14.6%,-43.0%,-17.1%,-25.8%,-28.4%
Golden State Warriors,2018-19,NBA,GSW,-1.4%,-0.3%,-0.9%,82,0.4%,2.9%,5.4%,-.012,17.4%,19.2%,-.006,-2.2%,-1.6%,-.004,-1.5%,0.2%,-.015,15.3%,3.9%,6.1%,0.5%,-4.7%,-14.2%,-7.7%,9.3%,3.7%
Golden State Warriors,2017-18,NBA,GSW,2.1%,0.5%,0.9%,82,-0.3%,-0.7%,-2.2%,+.008,-5.7%,-7.5%,+.007,1.3%,0.7%,+.003,-6.7%,-9.8%,+.028,-10.3%,0.1%,-2.1%,-3.6%,-16.4%,10.3%,4.6%,1.4%,-2.1%
Golden State Warriors,2016-17,NBA,GSW,2.9%,0.3%,2.8%,82,-0.5%,1.2%,-0.3%,+.007,-8.8%,-1.2%,-.032,5.7%,0.2%,+.029,6.7%,3.4%,+.024,-5.6%,-3.3%,-3.8%,5.0%,13.9%,11.4%,-2.7%,-6.8%,0.9%
Golden State Warriors,2015-16,NBA,GSW,3.0%,-0.4%,0.5%,82,0.8%,2.3%,0.3%,+.010,22.0%,16.9%,+.017,-4.6%,-7.2%,+.015,4.0%,4.7%,-.005,-4.3%,5.6%,3.3%,5.6%,-9.6%,0.4%,5.1%,4.5%,4.5%
Golden State Warriors,2014-15,NBA,GSW,1.1%,0.0%,-1.4%,82,-0.5%,5.4%,1.9%,+.016,14.1%,8.8%,+.018,2.6%,-1.0%,+.018,0.8%,-1.3%,+.016,-4.8%,-0.2%,-1.3%,17.6%,18.7%,21.9%,-5.0%,-8.7%,5.5%
Golden State Warriors,2013-14,NBA,GSW,4.0%,0.1%,-2.3%,82,0.1%,3.4%,2.4%,+.004,17.6%,24.8%,-.023,-0.4%,-4.6%,+.021,-5.4%,-0.7%,-.037,1.2%,0.6%,0.8%,3.6%,13.2%,17.6%,0.9%,1.8%,3.0%
Golden State Warriors,2012-13,NBA,GSW,0.0%,0.8%,2.3%,82,24.4%,25.8%,25.7%,+.000,25.6%,20.8%,+.015,25.8%,27.3%,-.006,44.9%,41.2%,+.020,38.3%,43.9%,42.5%,25.5%,7.4%,-4.4%,35.1%,24.3%,28.6%
Golden State Warriors,2011-12,NBA,GSW,0.4%,-0.3%,2.4%,66,-19.7%,-23.4%,-22.8%,-.004,-23.5%,-22.8%,-.004,-23.4%,-22.8%,-.004,-26.3%,-27.1%,+.009,-33.0%,-17.8%,-22.2%,-20.4%,-28.4%,-10.8%,-23.6%,-21.9%,-23.9%
Golden State Warriors,2010-11,NBA,GSW,0.4%,0.9%,1.0%,82,0.5%,-2.3%,-0.7%,-.008,8.2%,3.7%,+.016,-4.8%,-2.0%,-.014,-20.9%,-18.7%,-.021,26.8%,-1.1%,5.6%,0.4%,-3.2%,19.4%,-0.5%,-4.2%,-5.0%
Golden State Warriors,2009-10,NBA,GSW,0.4%,-1.0%,-1.4%,82,-0.8%,3.0%,0.6%,+.011,15.1%,14.4%,+.002,0.6%,-3.1%,+.018,-13.8%,-12.8%,-.009,-21.0%,-3.8%,-8.6%,7.5%,19.3%,-35.5%,0.2%,2.4%,0.2%
Detroit Pistons,2020-21,NBA,DET,-5.4%,0.8%,-0.5%,72,9.2%,7.2%,8.9%,-.007,5.2%,9.9%,-.016,8.1%,8.3%,-.001,16.5%,14.0%,+.016,7.8%,12.9%,11.7%,9.7%,8.4%,24.1%,6.6%,13.7%,8.4%
Detroit Pistons,2019-20,NBA,DET,-3.7%,-0.4%,-3.1%,66,-19.6%,-18.5%,-21.8%,+.019,-20.3%,-24.4%,+.019,-17.7%,-20.1%,+.015,-22.5%,-22.0%,-.004,-31.2%,-23.4%,-25.4%,-13.9%,-13.9%,-9.7%,-11.2%,-28.3%,-19.4%
Detroit Pistons,2018-19,NBA,DET,3.9%,-0.1%,0.4%,82,0.3%,-0.7%,1.5%,-.010,12.1%,20.3%,-.025,-5.6%,-7.8%,+.012,17.2%,16.8%,+.003,12.8%,-0.1%,2.8%,-1.2%,-9.4%,4.4%,2.9%,20.1%,3.2%
Detroit Pistons,2017-18,NBA,DET,2.0%,-1.0%,-2.2%,82,0.0%,-1.9%,-2.1%,+.001,40.4%,23.9%,+.044,-12.0%,-11.4%,-.003,5.9%,2.2%,+.026,-8.6%,-2.9%,-4.3%,7.9%,9.4%,2.3%,13.4%,2.8%,2.4%
Detroit Pistons,2016-17,NBA,DET,1.6%,0.0%,-0.4%,82,-0.4%,5.1%,2.8%,+.010,-14.7%,-10.8%,-.015,11.3%,8.7%,+.011,-18.5%,-24.3%,+.051,-11.1%,2.2%,-1.4%,8.7%,0.2%,2.0%,-12.3%,-5.8%,-0.6%
Detroit Pistons,2015-16,NBA,DET,-3.5%,0.8%,3.6%,82,0.3%,2.3%,0.7%,+.007,5.3%,5.1%,+.000,1.4%,-1.1%,+.012,8.3%,14.0%,-.035,-2.9%,5.6%,3.2%,-10.0%,-8.0%,-20.6%,1.0%,-0.1%,3.5%
Detroit Pistons,2014-15,NBA,DET,4.9%,-0.1%,0.0%,82,0.3%,-4.4%,-1.2%,-.015,38.7%,29.3%,+.023,-12.6%,-9.9%,-.014,-8.7%,-12.9%,+.033,-12.1%,4.2%,-1.1%,3.3%,-9.3%,-3.0%,-7.9%,-6.4%,-2.5%
Detroit Pistons,2013-14,NBA,DET,-2.4%,-0.4%,-1.3%,82,-0.1%,6.8%,7.3%,-.002,-1.2%,9.7%,-.035,8.5%,6.7%,+.008,8.3%,12.9%,-.029,20.7%,2.5%,7.7%,-1.6%,19.7%,-1.2%,-3.9%,2.6%,6.5%
Detroit Pistons,2012-13,NBA,DET,-3.8%,0.3%,2.3%,82,24.1%,30.0%,26.9%,+.011,61.8%,57.2%,+.010,24.9%,20.4%,+.017,19.0%,28.0%,-.053,27.9%,30.9%,30.0%,41.4%,24.8%,43.9%,20.1%,25.5%,29.7%
Detroit Pistons,2011-12,NBA,DET,-3.3%,-0.9%,1.4%,66,-19.7%,-25.0%,-21.3%,-.022,-32.8%,-27.1%,-.030,-23.6%,-19.9%,-.022,-19.7%,-21.2%,+.014,-16.8%,-15.8%,-16.1%,-28.8%,-22.7%,-15.2%,-3.2%,-20.6%,-24.6%
Detroit Pistons,2010-11,NBA,DET,1.9%,0.8%,-0.5%,82,0.5%,3.9%,0.7%,+.014,26.2%,5.5%,+.062,0.7%,-0.4%,+.005,-6.0%,-7.2%,+.009,-11.6%,-0.3%,-3.9%,8.7%,-0.2%,4.8%,-3.0%,-10.6%,3.1%
Detroit Pistons,2009-10,NBA,DET,-5.3%,0.4%,2.8%,82,-0.6%,-1.4%,0.7%,-.009,-0.8%,10.3%,-.035,-1.5%,-1.2%,-.001,4.8%,8.1%,-.022,11.0%,-8.4%,-3.0%,-5.8%,20.9%,-17.0%,13.1%,6.4%,-0.2%
Denver Nuggets,2020-21,NBA,DEN,2.0%,-0.6%,0.5%,72,-1.5%,1.5%,-1.0%,+.012,15.7%,10.2%,+.018,-3.6%,-6.9%,+.019,-4.7%,-7.9%,+.026,-3.6%,0.2%,-0.7%,-1.0%,-0.7%,-4.2%,-3.3%,-7.5%,2.0%
Denver Nuggets,2019-20,NBA,DEN,2.8%,-0.3%,1.8%,73,-10.1%,-10.8%,-12.1%,+.007,-11.3%,-13.1%,+.007,-10.6%,-11.6%,+.006,-8.4%,-11.0%,+.022,-19.1%,-14.0%,-15.3%,-13.1%,-7.6%,-7.2%,-8.8%,-9.7%,-10.5%
Denver Nuggets,2018-19,NBA,DEN,-0.8%,0.0%,-0.5%,82,-0.8%,3.0%,4.0%,-.004,-3.9%,1.4%,-.019,5.8%,5.4%,+.002,-7.8%,-6.3%,-.012,7.8%,3.1%,4.2%,9.0%,1.1%,-10.1%,-10.2%,7.2%,0.6%
Denver Nuggets,2017-18,NBA,DEN,-0.4%,0.3%,0.0%,82,0.6%,-1.2%,-1.3%,+.001,8.0%,7.2%,+.003,-4.3%,-5.4%,+.006,-8.7%,-7.9%,-.007,-6.6%,-3.1%,-4.0%,-0.9%,10.4%,25.1%,0.1%,-2.2%,-1.5%
Denver Nuggets,2016-17,NBA,DEN,2.0%,0.0%,1.4%,82,-0.4%,9.2%,2.7%,+.028,32.6%,21.7%,+.030,2.9%,-4.6%,+.038,1.6%,0.6%,+.007,2.7%,4.4%,3.9%,11.8%,-6.7%,-18.2%,2.0%,-9.1%,9.6%
Denver Nuggets,2015-16,NBA,DEN,-6.4%,0.9%,-1.8%,82,-0.3%,-0.2%,-2.2%,+.009,-0.6%,-4.4%,+.013,-0.1%,-1.3%,+.006,3.5%,-0.9%,+.032,-7.0%,2.5%,-0.2%,3.9%,-5.0%,7.6%,3.1%,-8.4%,0.4%
Denver Nuggets,2014-15,NBA,DEN,1.5%,0.0%,2.3%,82,0.6%,-1.5%,1.6%,-.014,-6.0%,3.7%,-.034,-0.2%,0.8%,-.005,-6.5%,-7.6%,+.009,0.3%,-2.4%,-1.6%,-2.7%,4.2%,-20.0%,-10.7%,-0.4%,-2.8%
Denver Nuggets,2013-14,NBA,DEN,-0.4%,-1.1%,-0.9%,82,-0.8%,-5.8%,0.8%,-.031,34.7%,29.1%,+.015,-13.2%,-7.0%,-.035,3.9%,0.3%,+.025,-7.6%,4.5%,0.9%,-8.2%,-19.3%,-13.9%,4.2%,12.4%,-1.7%
Denver Nuggets,2012-13,NBA,DEN,-1.9%,0.4%,-0.9%,82,24.1%,29.8%,29.2%,+.002,19.8%,15.8%,+.011,31.9%,33.5%,-.006,16.4%,22.0%,-.034,48.0%,23.6%,29.9%,26.6%,41.1%,61.5%,23.4%,29.7%,26.7%
Denver Nuggets,2011-12,NBA,DEN,-2.6%,0.3%,-2.7%,66,-18.6%,-18.2%,-18.3%,+.000,-34.3%,-23.1%,-.057,-13.9%,-16.6%,+.016,-30.4%,-27.5%,-.031,-6.7%,-20.6%,-17.4%,-12.8%,-10.7%,-6.2%,-12.3%,-24.5%,-22.0%
Denver Nuggets,2010-11,NBA,DEN,-1.4%,-0.3%,-0.4%,82,-0.4%,0.7%,-1.0%,+.008,21.7%,12.3%,+.030,-3.8%,-4.9%,+.006,-4.0%,-3.1%,-.007,-11.0%,5.9%,1.4%,5.5%,-11.4%,-15.6%,1.8%,-6.8%,0.9%
Denver Nuggets,2009-10,NBA,DEN,0.0%,-0.3%,0.4%,82,0.3%,2.2%,2.6%,-.002,-0.7%,2.7%,-.012,2.8%,2.5%,+.001,2.4%,0.8%,+.012,-1.8%,-0.1%,-0.5%,-5.5%,-3.8%,-15.2%,-9.6%,-1.6%,2.0%
Dallas Mavericks,2020-21,NBA,DAL,0.8%,-0.1%,0.9%,72,-4.8%,-5.3%,-7.2%,+.009,-12.5%,-11.3%,-.005,-1.2%,-3.6%,+.014,-14.8%,-14.7%,-.001,-16.9%,-9.7%,-11.4%,-10.9%,-2.2%,-14.3%,-8.8%,-4.5%,-7.7%
Dallas Mavericks,2019-20,NBA,DAL,-3.0%,-0.3%,-0.9%,75,-8.1%,-1.8%,-4.9%,+.015,11.2%,3.1%,+.027,-8.0%,-10.8%,+.016,-9.7%,-13.9%,+.037,-4.9%,-5.4%,-5.3%,-3.6%,-13.7%,3.4%,-18.3%,-11.4%,-1.7%
Dallas Mavericks,2018-19,NBA,DAL,-2.9%,1.1%,2.8%,82,-0.1%,1.7%,1.1%,+.003,5.7%,11.7%,-.019,-0.0%,-5.4%,+.028,32.0%,35.7%,-.020,24.9%,6.1%,9.8%,3.2%,-7.8%,13.2%,15.8%,4.6%,6.4%
Dallas Mavericks,2017-18,NBA,DAL,0.4%,-0.1%,-0.5%,82,0.1%,5.4%,4.3%,+.004,10.1%,8.7%,+.005,3.4%,1.8%,+.008,-4.0%,0.9%,-.039,2.9%,8.0%,7.0%,9.0%,-5.9%,1.0%,3.7%,0.7%,4.5%
Dallas Mavericks,2016-17,NBA,DAL,-8.9%,-0.1%,-4.0%,82,-1.1%,-3.1%,-2.2%,-.004,8.9%,5.6%,+.011,-7.4%,-6.2%,-.007,-16.4%,-17.2%,+.007,-13.8%,-9.5%,-10.4%,-6.0%,9.6%,0.3%,-7.2%,-1.8%,-4.3%
Dallas Mavericks,2015-16,NBA,DAL,1.3%,-0.5%,7.7%,82,0.6%,-5.9%,-1.9%,-.019,10.1%,12.5%,-.007,-10.5%,-8.0%,-.014,4.9%,-0.7%,+.042,-12.5%,6.6%,1.9%,-1.8%,-15.5%,-17.5%,-1.4%,-3.0%,-2.8%
Dallas Mavericks,2014-15,NBA,DAL,-2.3%,0.6%,-4.2%,82,0.3%,0.2%,2.6%,-.011,1.5%,10.9%,-.033,-0.2%,-0.5%,+.002,0.6%,6.3%,-.043,2.1%,3.7%,3.3%,-4.6%,-5.8%,4.2%,-4.3%,0.5%,0.4%
Dallas Mavericks,2013-14,NBA,DAL,3.7%,0.4%,-0.9%,82,-0.8%,2.1%,-0.5%,+.012,19.0%,15.3%,+.012,-1.9%,-5.4%,+.018,4.2%,3.8%,+.002,9.5%,-5.8%,-2.4%,1.5%,8.6%,-21.6%,-3.0%,-3.7%,3.7%
Dallas Mavericks,2012-13,NBA,DAL,-5.8%,-1.0%,2.3%,82,24.4%,32.7%,27.3%,+.019,21.9%,11.2%,+.033,35.5%,33.3%,+.008,28.6%,25.1%,+.021,15.3%,23.8%,21.8%,38.1%,14.7%,34.7%,23.5%,38.5%,31.2%
Dallas Mavericks,2011-12,NBA,DAL,1.3%,0.0%,-0.5%,66,-18.5%,-21.9%,-16.3%,-.032,-22.9%,-17.2%,-.025,-21.6%,-15.9%,-.035,-28.4%,-27.9%,-.005,-14.7%,-17.6%,-17.0%,-29.4%,1.4%,-4.3%,-19.1%,-22.2%,-23.1%
Dallas Mavericks,2010-11,NBA,DAL,0.7%,0.4%,0.0%,82,-0.9%,-2.3%,-4.4%,+.010,15.6%,18.0%,-.008,-6.1%,-10.8%,+.026,-5.8%,-1.1%,-.039,-6.5%,1.2%,-0.6%,1.9%,-10.7%,-21.6%,8.1%,0.8%,-1.7%
Dallas Mavericks,2009-10,NBA,DAL,5.9%,-0.4%,-1.4%,82,0.4%,0.4%,-0.1%,+.002,-2.3%,-8.2%,+.023,1.0%,2.4%,-.007,0.7%,1.0%,-.003,-8.3%,-0.3%,-2.4%,7.8%,5.6%,4.7%,1.5%,-2.3%,0.3%
Cleveland Cavaliers,2020-21,NBA,CLE,-4.0%,0.9%,0.9%,72,10.8%,6.1%,8.0%,-.008,-1.0%,3.4%,-.015,8.8%,10.7%,-.009,22.1%,24.5%,-.015,6.7%,7.1%,7.0%,14.4%,25.1%,54.0%,3.8%,10.1%,7.6%
Cleveland Cavaliers,2019-20,NBA,CLE,-0.8%,-1.7%,3.3%,65,-20.4%,-17.9%,-20.4%,+.014,-14.2%,-13.3%,-.003,-19.2%,-24.0%,+.031,-26.8%,-23.5%,-.034,-19.9%,-17.1%,-17.8%,-11.7%,-16.3%,8.2%,-3.0%,-27.6%,-18.9%
Cleveland Cavaliers,2018-19,NBA,CLE,-17.6%,-0.4%,-5.7%,82,0.1%,-3.7%,3.4%,-.032,-13.7%,-9.4%,-.017,0.5%,11.2%,-.052,-9.8%,-11.3%,+.013,26.7%,-5.1%,1.2%,-11.4%,-8.2%,-37.5%,-1.8%,7.7%,-5.8%
Cleveland Cavaliers,2017-18,NBA,CLE,4.8%,0.0%,-0.4%,82,-0.8%,1.1%,-0.2%,+.006,-8.1%,-5.1%,-.012,5.5%,3.1%,+.012,4.0%,-0.2%,+.031,-9.4%,-2.1%,-3.7%,3.1%,8.0%,-4.6%,0.4%,2.6%,0.5%
Cleveland Cavaliers,2016-17,NBA,CLE,3.9%,-0.4%,-1.3%,82,0.1%,3.3%,1.1%,+.010,21.2%,14.5%,+.022,-3.6%,-6.2%,+.014,7.4%,7.3%,+.000,-12.3%,1.6%,-1.7%,-0.2%,-2.2%,3.2%,0.6%,-10.8%,5.8%
Cleveland Cavaliers,2015-16,NBA,CLE,4.5%,0.1%,2.7%,82,0.4%,2.7%,2.2%,+.002,6.5%,7.8%,-.004,1.2%,-0.6%,+.009,-8.3%,-7.8%,-.004,-4.2%,6.3%,3.6%,2.6%,-8.6%,-6.8%,-4.9%,10.3%,1.2%
Cleveland Cavaliers,2014-15,NBA,CLE,8.0%,0.8%,3.7%,82,-0.8%,1.7%,-3.1%,+.022,41.4%,37.4%,+.011,-7.7%,-15.6%,+.043,3.9%,3.9%,+.000,-7.9%,-0.6%,-2.6%,4.4%,4.1%,11.8%,0.7%,-7.9%,5.0%
Cleveland Cavaliers,2013-14,NBA,CLE,3.3%,0.0%,0.5%,82,1.0%,1.4%,0.8%,+.003,6.8%,3.7%,+.010,0.2%,-0.1%,+.002,1.3%,1.9%,-.005,-1.5%,11.4%,7.6%,2.6%,-10.5%,-9.0%,1.2%,-5.6%,1.8%
Cleveland Cavaliers,2012-13,NBA,CLE,-7.3%,0.1%,0.5%,82,23.6%,32.4%,28.7%,+.012,24.3%,24.2%,+.000,34.3%,30.2%,+.014,17.1%,11.0%,+.040,19.4%,21.0%,20.5%,29.5%,38.8%,27.5%,13.0%,31.9%,28.9%
Cleveland Cavaliers,2011-12,NBA,CLE,-2.3%,0.1%,0.0%,66,-19.2%,-21.7%,-19.4%,-.012,-13.6%,-14.5%,+.004,-23.4%,-20.8%,-.015,-23.8%,-20.7%,-.029,-1.8%,-20.4%,-15.6%,-24.0%,-14.3%,-23.2%,-12.8%,-20.1%,-21.6%
Cleveland Cavaliers,2010-11,NBA,CLE,-5.0%,-1.4%,-4.0%,82,-0.1%,-6.9%,4.0%,-.051,-15.4%,-5.9%,-.039,-4.9%,7.3%,-.059,-1.5%,-4.8%,+.025,8.2%,-9.0%,-5.1%,-6.3%,-3.5%,-19.8%,2.6%,3.6%,-6.5%
Cleveland Cavaliers,2009-10,NBA,CLE,5.3%,0.5%,2.8%,82,0.0%,2.6%,-1.0%,+.017,-8.2%,-5.3%,-.012,5.6%,0.5%,+.025,3.0%,8.3%,-.037,-10.7%,4.6%,0.7%,10.3%,-4.9%,-2.3%,8.8%,-4.3%,1.8%
Chicago Bulls,2020-21,NBA,CHI,4.9%,-0.1%,-0.5%,72,10.9%,18.0%,10.7%,+.029,14.0%,7.2%,+.022,19.7%,13.0%,+.030,-1.1%,-5.6%,+.036,1.9%,24.6%,19.0%,27.6%,-26.1%,14.7%,8.4%,-3.9%,14.7%
Chicago Bulls,2019-20,NBA,CHI,1.7%,0.4%,0.5%,65,-21.3%,-21.2%,-20.0%,-.007,6.4%,7.5%,-.003,-29.4%,-31.5%,+.015,-24.2%,-21.4%,-.028,-5.3%,-27.1%,-22.6%,-15.9%,8.1%,-24.5%,-13.3%,-14.8%,-19.3%
Chicago Bulls,2018-19,NBA,CHI,-1.6%,-0.6%,0.9%,82,0.3%,3.0%,-1.1%,+.018,-17.8%,-16.7%,-.005,11.4%,7.3%,+.018,11.2%,7.7%,+.025,-9.1%,-2.6%,-4.0%,-6.6%,-3.7%,21.5%,1.0%,5.9%,2.0%
Chicago Bulls,2017-18,NBA,CHI,-9.3%,0.1%,-2.3%,82,0.4%,0.0%,2.0%,-.009,45.4%,39.2%,+.015,-11.1%,-10.8%,-.001,-19.0%,-14.8%,-.039,-20.9%,2.7%,-3.5%,3.9%,-2.6%,-26.5%,3.1%,8.0%,0.1%
Chicago Bulls,2016-17,NBA,CHI,-2.5%,-0.4%,2.8%,82,-0.6%,0.1%,-0.4%,+.002,-4.3%,4.4%,-.031,1.3%,-2.0%,+.015,8.9%,7.4%,+.010,10.1%,-3.2%,0.0%,-1.0%,29.9%,-16.4%,-2.5%,-5.8%,1.2%
Chicago Bulls,2015-16,NBA,CHI,-4.2%,0.1%,2.4%,82,0.1%,5.5%,5.5%,-.000,0.9%,-3.9%,+.018,6.7%,9.0%,-.010,-16.3%,-16.8%,+.004,-5.4%,3.5%,1.2%,5.0%,-3.7%,-1.3%,-0.3%,3.3%,0.8%
Chicago Bulls,2014-15,NBA,CHI,0.7%,0.3%,-3.2%,82,-0.3%,5.6%,3.3%,+.009,27.0%,25.1%,+.005,0.9%,-2.9%,+.018,8.9%,8.3%,+.004,2.3%,4.1%,3.6%,-4.2%,-13.5%,12.3%,-6.4%,-4.5%,7.6%
Chicago Bulls,2013-14,NBA,CHI,2.1%,1.0%,0.9%,82,0.5%,-2.8%,-1.8%,-.005,13.9%,15.3%,-.004,-5.8%,-5.8%,-.000,10.6%,9.8%,+.006,-8.7%,6.7%,2.3%,-1.4%,1.0%,1.7%,4.4%,-3.2%,0.5%
Chicago Bulls,2012-13,NBA,CHI,3.3%,-1.0%,-1.4%,82,24.4%,18.6%,22.6%,-.015,6.4%,13.2%,-.023,21.1%,25.0%,-.015,33.5%,24.7%,+.051,12.1%,16.1%,14.9%,23.5%,28.9%,7.5%,26.9%,42.0%,20.2%
Chicago Bulls,2011-12,NBA,CHI,2.7%,0.0%,-0.9%,66,-19.6%,-18.9%,-17.1%,-.010,-18.0%,-21.1%,+.014,-19.1%,-16.0%,-.018,-32.6%,-30.6%,-.021,-5.4%,-18.4%,-14.9%,-16.4%,-23.0%,-17.1%,-20.5%,-30.5%,-21.4%
Chicago Bulls,2010-11,NBA,CHI,0.8%,0.4%,3.3%,82,-0.4%,-1.3%,-3.5%,+.010,45.2%,32.7%,+.031,-7.3%,-10.2%,+.015,0.9%,2.3%,-.011,3.2%,-2.2%,-0.8%,7.2%,11.5%,-2.1%,-1.2%,-0.5%,1.2%
Chicago Bulls,2009-10,NBA,CHI,5.2%,0.5%,0.5%,82,-0.1%,-1.4%,-0.3%,-.005,-28.6%,-17.6%,-.051,3.6%,3.7%,-.000,-9.4%,-4.4%,-.042,-3.4%,9.4%,5.8%,-1.6%,-13.7%,5.5%,-1.4%,-3.6%,-4.6%
Charlotte Hornets,2020-21,NBA,CHO,1.2%,-0.3%,-1.8%,72,10.2%,18.6%,13.2%,+.020,25.5%,19.5%,+.018,15.2%,9.0%,+.028,8.9%,7.0%,+.013,6.6%,15.6%,13.3%,24.8%,32.0%,28.4%,12.6%,6.1%,17.9%
Charlotte Hornets,2019-20,NBA,CHO,-8.6%,-1.0%,2.8%,65,-20.6%,-26.4%,-24.1%,-.014,-19.7%,-19.8%,+.001,-29.3%,-26.7%,-.018,-30.3%,-25.8%,-.049,-12.2%,-25.6%,-22.6%,-18.7%,-27.6%,-33.8%,-5.2%,-21.1%,-26.4%
Charlotte Hornets,2018-19,NBA,CHO,0.0%,-1.1%,-3.2%,82,0.3%,3.1%,3.6%,-.002,18.6%,24.6%,-.018,-2.2%,-6.0%,+.020,-8.8%,-14.5%,+.050,-1.6%,-4.2%,-3.6%,7.6%,5.7%,8.6%,-3.8%,10.0%,2.3%
Charlotte Hornets,2017-18,NBA,CHO,0.4%,-0.1%,1.4%,82,-0.3%,3.4%,1.5%,+.008,0.0%,-4.9%,+.018,4.6%,4.7%,-.001,4.1%,13.5%,-.067,14.7%,1.7%,4.3%,-6.4%,-2.1%,-4.4%,10.5%,3.6%,3.2%
Charlotte Hornets,2016-17,NBA,CHO,1.9%,0.4%,-0.5%,82,-0.1%,1.9%,1.1%,+.003,-5.6%,-2.6%,-.011,4.9%,3.1%,+.008,3.7%,0.6%,+.024,-1.8%,-0.6%,-0.8%,6.4%,-4.0%,-11.0%,-8.5%,-8.5%,1.4%
Charlotte Hornets,2015-16,NBA,CHO,0.0%,1.2%,-1.8%,82,-0.3%,4.2%,-0.1%,+.018,75.3%,53.9%,+.044,-10.4%,-15.9%,+.029,9.8%,4.0%,+.042,-10.5%,2.7%,-0.3%,7.5%,19.2%,-2.2%,5.5%,-0.5%,9.8%
Charlotte Hornets,2014-15,NBA,CHO,2.0%,-0.8%,-0.5%,82,0.0%,-2.1%,3.0%,-.022,-3.5%,6.5%,-.033,-1.8%,2.0%,-.018,-5.2%,-6.7%,+.011,5.7%,2.5%,3.2%,-7.0%,0.0%,6.4%,-3.4%,0.1%,-2.8%
Charlotte Hornets,2013-14,NBA,CHA,4.5%,0.5%,0.9%,82,0.5%,5.4%,1.2%,+.018,10.0%,5.1%,+.016,4.5%,0.2%,+.019,-4.7%,-2.9%,-.013,-15.4%,14.0%,5.9%,12.0%,-15.6%,-12.1%,-12.4%,-4.4%,3.7%
Charlotte Hornets,2012-13,NBA,CHA,-0.4%,-0.1%,0.5%,82,24.6%,28.7%,25.6%,+.010,78.3%,56.8%,+.040,22.0%,19.3%,+.010,41.8%,40.9%,+.005,35.5%,26.1%,28.6%,19.7%,48.9%,32.7%,20.5%,25.0%,33.5%
Charlotte Hornets,2011-12,NBA,CHA,-8.9%,-0.6%,0.9%,66,-19.8%,-23.7%,-16.8%,-.037,-33.1%,-25.9%,-.032,-22.2%,-14.7%,-.042,-27.9%,-26.9%,-.010,-20.2%,-22.5%,-21.9%,-23.3%,-24.2%,-16.6%,-19.7%,-23.7%,-25.0%
Charlotte Hornets,2010-11,NBA,CHA,-1.8%,0.6%,1.9%,82,-0.4%,0.5%,0.9%,-.002,-14.6%,-9.6%,-.019,3.4%,3.8%,-.002,-7.7%,-8.3%,+.005,-1.2%,-1.8%,-1.7%,4.2%,-17.1%,-2.9%,-7.6%,2.5%,-2.1%
Charlotte Hornets,2009-10,NBA,CHA,6.2%,0.4%,-2.3%,82,-0.3%,-0.3%,0.1%,-.002,-6.1%,-0.6%,-.020,0.9%,0.3%,+.003,12.5%,10.9%,+.010,-3.2%,5.2%,3.0%,-4.8%,9.0%,12.3%,0.9%,-9.0%,1.8%
Brooklyn Nets,2020-21,NBA,BRK,7.2%,-0.8%,-0.5%,72,-0.4%,6.8%,-3.2%,+.046,8.4%,-5.3%,+.050,6.0%,-1.7%,+.041,1.1%,-6.3%,+.059,-16.4%,-4.6%,-7.2%,9.5%,4.3%,17.3%,-11.3%,-9.2%,6.1%
Brooklyn Nets,2019-20,NBA,BRK,3.5%,-0.3%,2.3%,72,-12.5%,-11.9%,-11.7%,-.001,-10.1%,-7.4%,-.010,-12.7%,-14.6%,+.011,-17.0%,-17.0%,+.001,-14.9%,-8.1%,-9.7%,-9.9%,-13.9%,-4.7%,-11.1%,-14.4%,-12.6%
Brooklyn Nets,2018-19,NBA,BRK,1.2%,-0.3%,-1.4%,82,0.6%,5.3%,3.4%,+.008,0.6%,1.4%,-.003,7.6%,4.8%,+.013,8.9%,12.9%,-.027,13.6%,2.3%,4.8%,0.7%,5.3%,-13.1%,-0.7%,4.4%,5.3%
Brooklyn Nets,2017-18,NBA,BRK,-3.5%,0.3%,-2.7%,82,0.5%,1.1%,1.8%,-.003,18.7%,12.9%,+.018,-5.8%,-4.7%,-.006,-10.3%,-8.4%,-.016,9.8%,-0.9%,1.2%,10.5%,-13.7%,0.8%,-8.2%,-2.2%,0.8%
Brooklyn Nets,2016-17,NBA,BRK,-3.3%,0.5%,1.8%,82,0.0%,-1.1%,1.0%,-.009,65.2%,71.8%,-.014,-14.6%,-18.8%,+.025,23.8%,18.9%,+.031,-16.5%,10.1%,3.5%,-4.0%,-5.4%,16.6%,11.9%,16.9%,7.2%
Brooklyn Nets,2015-16,NBA,BRK,-5.9%,-0.5%,-1.8%,82,-0.9%,2.2%,1.7%,+.002,-1.8%,-7.7%,+.021,3.0%,4.7%,-.008,-5.4%,-6.5%,+.009,2.0%,-0.5%,0.1%,6.6%,8.9%,-2.4%,7.0%,-6.5%,0.6%
Brooklyn Nets,2014-15,NBA,BRK,-4.7%,-0.3%,2.3%,82,0.3%,4.7%,6.5%,-.008,-23.7%,-15.0%,-.038,13.8%,15.7%,-.008,-9.9%,-9.2%,-.005,17.3%,9.1%,11.0%,0.1%,-18.3%,9.3%,-4.9%,-11.1%,-0.5%
Brooklyn Nets,2013-14,NBA,BRK,4.9%,0.3%,-1.8%,82,0.1%,-0.4%,-2.3%,+.009,12.9%,9.2%,+.012,-4.0%,-6.6%,+.014,5.3%,2.2%,+.022,-31.1%,-2.2%,-10.8%,2.8%,17.7%,-20.5%,-1.2%,18.5%,1.7%
Brooklyn Nets,2012-13,NBA,BRK,9.6%,0.6%,1.8%,82,25.0%,30.1%,23.0%,+.024,23.9%,18.8%,+.014,31.9%,24.6%,+.027,28.7%,36.6%,-.045,33.7%,30.9%,31.7%,27.2%,21.5%,50.4%,21.2%,18.3%,29.3%
Brooklyn Nets,2011-12,NBA,NJN,5.2%,-1.1%,0.5%,66,-20.6%,-22.5%,-19.9%,-.014,10.5%,10.8%,-.001,-28.6%,-27.6%,-.007,-22.0%,-23.8%,+.018,-13.9%,-23.0%,-20.5%,-23.9%,7.6%,-32.3%,-13.6%,-29.8%,-20.4%
Brooklyn Nets,2010-11,NBA,NJN,0.0%,0.3%,0.5%,82,1.1%,3.7%,1.3%,+.010,21.8%,12.8%,+.025,0.9%,-1.3%,+.010,-9.2%,-6.7%,-.022,1.3%,3.5%,2.9%,11.9%,-20.1%,-2.3%,-2.5%,10.0%,1.9%
Brooklyn Nets,2009-10,NBA,NJN,-3.5%,0.0%,-0.9%,82,-0.3%,-3.8%,0.3%,-.018,-42.2%,-31.7%,-.058,7.2%,11.8%,-.020,1.9%,1.8%,+.001,5.5%,-2.4%,-0.3%,-5.9%,2.5%,0.5%,10.0%,-10.6%,-5.8%
Boston Celtics,2020-21,NBA,BOS,-0.8%,0.0%,-0.5%,72,-0.3%,0.5%,-0.7%,+.006,8.2%,5.3%,+.010,-2.9%,-4.5%,+.009,-13.2%,-10.3%,-.026,-0.4%,-5.0%,-3.9%,2.1%,-6.6%,-5.7%,1.7%,-5.3%,-0.9%
Boston Celtics,2019-20,NBA,BOS,-1.6%,-1.5%,0.0%,72,-11.9%,-13.9%,-13.1%,-.004,-12.3%,-12.1%,-.001,-14.6%,-13.8%,-.005,4.2%,4.4%,-.001,-4.5%,-10.5%,-9.2%,-23.2%,-15.7%,-6.7%,-5.4%,-7.0%,-11.2%
Boston Celtics,2018-19,NBA,BOS,4.0%,0.1%,0.0%,82,-0.1%,9.9%,6.4%,+.015,9.9%,13.5%,-.012,9.9%,2.5%,+.035,-2.0%,-5.8%,+.031,4.8%,-1.0%,0.2%,17.0%,16.9%,16.6%,-8.4%,3.2%,8.1%
Boston Celtics,2017-18,NBA,BOS,-4.6%,1.2%,0.9%,82,0.3%,-0.9%,-0.0%,-.004,-4.7%,-9.1%,+.018,0.9%,5.8%,-.024,-14.8%,-10.8%,-.036,3.1%,6.7%,5.9%,-11.0%,-2.1%,9.7%,5.6%,-4.0%,-3.7%
Boston Celtics,2016-17,NBA,BOS,2.8%,-0.1%,-0.5%,82,-0.1%,-1.5%,-4.6%,+.015,37.4%,28.0%,+.024,-12.6%,-18.2%,+.033,1.1%,-1.3%,+.019,-21.7%,-1.3%,-6.5%,4.4%,-18.0%,-2.3%,-3.5%,-6.1%,2.2%
Boston Celtics,2015-16,NBA,BOS,0.8%,-1.0%,-0.5%,82,-0.5%,0.7%,1.5%,-.003,8.6%,6.0%,+.008,-1.3%,-0.3%,-.005,20.1%,15.0%,+.034,4.4%,1.8%,2.4%,-1.4%,11.6%,18.4%,-0.5%,3.3%,4.3%
Boston Celtics,2014-15,NBA,BOS,-1.6%,0.0%,0.0%,82,0.8%,6.6%,4.8%,+.008,14.8%,16.9%,-.006,4.6%,0.7%,+.018,-4.5%,-1.6%,-.022,-7.1%,7.2%,3.2%,16.4%,15.4%,-14.3%,-10.2%,-0.3%,5.3%
Boston Celtics,2013-14,NBA,BOS,-12.7%,0.4%,3.3%,82,-0.6%,-0.2%,6.6%,-.029,15.5%,24.4%,-.026,-3.3%,1.7%,-.024,0.5%,0.5%,+.000,49.8%,-1.1%,9.4%,-6.3%,-12.4%,-6.0%,6.8%,1.5%,0.9%
Boston Celtics,2012-13,NBA,BOS,-0.7%,-0.1%,0.5%,81,24.5%,28.2%,27.0%,+.004,37.2%,40.7%,-.009,26.5%,23.7%,+.011,29.6%,29.8%,-.001,28.5%,23.5%,24.5%,18.4%,33.9%,0.8%,20.6%,30.6%,29.0%
Boston Celtics,2011-12,NBA,BOS,-0.7%,-0.3%,-4.5%,66,-19.4%,-22.6%,-18.2%,-.026,-11.0%,-11.7%,+.003,-24.4%,-19.6%,-.030,-30.3%,-31.0%,+.008,-20.3%,-19.3%,-19.5%,-18.9%,-26.3%,5.2%,-18.1%,-21.6%,-23.4%
Boston Celtics,2010-11,NBA,BOS,0.3%,0.4%,1.8%,82,0.0%,-0.5%,-1.2%,+.003,-18.2%,-21.9%,+.016,3.0%,4.9%,-.010,-6.4%,-9.3%,+.024,-10.8%,3.8%,0.5%,-0.5%,-3.6%,-14.4%,-2.0%,-7.6%,-2.7%
Boston Celtics,2009-10,NBA,BOS,5.8%,0.1%,-1.4%,82,-0.5%,-1.2%,-0.6%,-.003,-7.2%,5.8%,-.049,0.1%,-2.4%,+.013,-1.8%,0.7%,-.019,-17.6%,-5.3%,-8.4%,3.7%,12.9%,3.9%,-4.8%,-4.3%,-1.7%
