name,Season,Lg,Tm,G,MP,FG	,FGA,FG%,3P,3PA,3P%,2P,2PA,2P%,FT,FTA,FT%,ORB,DRB,TRB,AST,STL,BLK,TOV,PF,PTS
Atlanta Hawks,2020-21,NBA,ATL,72,6.9%,2.3%,5.6%,-.015,7.7%,12.1%,-.014,0.3%,1.9%,-.008,-14.1%,-17.4%,+.031,-3.9%,-2.1%,-2.5%,4.8%,-7.2%,-15.2%,-11.9%,1.3%,-0.0%
Atlanta Hawks,2019-20,NBA,ATL,67,-18.0%,-17.2%,-18.1%,+.005,-21.3%,-22.2%,+.004,-15.6%,-15.5%,-.001,-19.3%,-20.8%,+.014,-14.1%,-17.3%,-16.6%,-24.0%,-25.9%,-4.5%,-18.5%,-22.7%,-18.0%
Atlanta Hawks,2018-19,NBA,ATL,82,0.8%,5.2%,4.4%,+.004,6.7%,11.9%,-.018,4.5%,0.2%,+.022,35.2%,37.7%,-.014,3.6%,4.3%,4.1%,3.0%,14.1%,-1.1%,-0.3%,9.4%,9.7%
Atlanta Hawks,2017-18,NBA,ATL,82,-0.9%,5.0%,-0.7%,+.025,6.3%,0.7%,+.020,4.5%,-1.4%,+.029,1.6%,1.7%,-.000,-4.0%,2.3%,0.8%,11.4%,-3.8%,6.8%,-1.9%,-6.1%,4.6%
Atlanta Hawks,2016-17,NBA,ATL,82,0.3%,4.3%,1.4%,+.013,31.5%,24.6%,+.019,-3.5%,-7.9%,+.022,-6.3%,-8.4%,+.017,-7.2%,-5.1%,-5.6%,6.1%,4.5%,3.2%,-4.7%,17.9%,4.8%
Atlanta Hawks,2015-16,NBA,ATL,82,0.5%,1.8%,3.6%,-.007,-5.7%,-4.9%,-.003,4.2%,7.4%,-.014,8.2%,9.6%,-.010,-0.4%,9.0%,6.5%,-6.4%,16.9%,1.7%,0.5%,-6.9%,2.2%
Atlanta Hawks,2014-15,NBA,ATL,82,-0.5%,-5.4%,-0.4%,-.023,10.1%,17.8%,-.024,-9.5%,-6.9%,-.014,-5.9%,-7.9%,+.016,7.5%,-2.1%,0.3%,1.6%,-10.1%,14.1%,5.6%,-1.9%,-4.3%
Atlanta Hawks,2013-14,NBA,ATL,82,-0.1%,2.9%,0.3%,+.012,5.5%,9.7%,-.014,2.3%,-2.7%,+.024,8.8%,10.9%,-.015,-5.0%,1.1%,-0.5%,4.2%,-2.5%,1.1%,-0.2%,6.5%,4.0%
Atlanta Hawks,2012-13,NBA,ATL,82,22.8%,29.1%,27.2%,+.007,58.6%,43.8%,+.035,23.3%,22.7%,+.002,23.7%,22.1%,+.010,30.3%,27.9%,28.5%,34.8%,39.5%,11.8%,25.0%,22.2%,30.1%
Atlanta Hawks,2011-12,NBA,ATL,66,-18.1%,-20.9%,-17.9%,-.017,-14.8%,-16.3%,+.006,-22.0%,-18.3%,-.022,-27.8%,-25.7%,-.021,-15.1%,-16.4%,-16.1%,-22.7%,-9.9%,-10.1%,-2.6%,-16.7%,-21.8%
Atlanta Hawks,2010-11,NBA,ATL,82,-0.6%,-1.3%,-1.3%,+.000,-4.4%,-2.4%,-.007,-0.7%,-1.0%,+.001,0.0%,-3.8%,+.029,-9.0%,0.7%,-1.9%,1.9%,8.3%,-3.1%,-9.6%,-4.1%,-1.2%
Atlanta Hawks,2009-10,NBA,ATL,82,0.8%,1.5%,0.2%,+.006,-9.1%,-7.0%,-.008,3.8%,2.3%,+.007,-0.4%,2.9%,-.024,-3.5%,-0.4%,-1.3%,0.8%,-4.5%,1.4%,1.2%,-5.9%,0.5%
Washington Wizards,2020-21,NBA,WAS,72,0.3%,-0.0%,3.6%,-.017,0.0%,1.6%,-.006,-0.0%,4.8%,-.026,-2.9%,-3.3%,+.003,-2.0%,0.3%,-0.2%,-2.9%,8.5%,-4.1%,-9.2%,-0.9%,-0.5%
Washington Wizards,2019-20,NBA,WAS,72,-12.9%,-12.8%,-14.3%,+.008,-9.9%,-11.3%,+.006,-14.0%,-16.0%,+.013,-0.3%,-0.3%,-.000,-19.6%,-12.5%,-14.2%,-15.7%,-14.3%,-4.0%,-10.0%,-8.0%,-10.6%
Washington Wizards,2018-19,NBA,WAS,82,0.4%,11.4%,7.3%,+.018,19.0%,12.4%,+.021,8.7%,4.6%,+.020,0.3%,-1.9%,+.017,16.3%,9.6%,11.1%,17.5%,-1.6%,-1.3%,5.6%,6.2%,10.3%
Washington Wizards,2017-18,NBA,WAS,82,0.0%,-1.8%,-0.9%,-.004,3.1%,7.6%,-.015,-3.4%,-4.8%,+.008,-1.3%,-2.6%,+.009,-7.3%,0.8%,-1.2%,-2.1%,5.8%,1.6%,-2.6%,1.1%,-1.3%
Washington Wizards,2016-17,NBA,WAS,82,0.5%,2.6%,1.6%,+.005,9.9%,11.9%,-.007,0.4%,-2.6%,+.015,-0.6%,1.8%,-.018,12.3%,-6.9%,-2.8%,1.3%,-8.3%,5.9%,-5.1%,-1.8%,2.7%
Washington Wizards,2015-16,NBA,WAS,82,-1.0%,6.9%,0.4%,+.028,12.2%,5.4%,+.022,5.4%,-1.6%,+.033,4.5%,0.3%,+.031,-5.8%,10.0%,6.2%,13.0%,0.9%,1.7%,15.7%,2.5%,6.9%
Washington Wizards,2014-15,NBA,WAS,82,-0.5%,-2.4%,3.2%,-.025,7.4%,6.9%,+.001,-4.9%,1.8%,-.033,-1.9%,1.6%,-.026,-0.7%,-1.3%,-1.2%,-10.4%,3.8%,9.4%,-12.9%,0.6%,-1.6%
Washington Wizards,2013-14,NBA,WAS,82,1.0%,3.2%,-1.0%,+.018,4.4%,4.9%,-.002,2.9%,-2.9%,+.028,6.1%,2.4%,+.027,-8.4%,-3.2%,-4.5%,3.2%,-1.3%,-10.6%,10.1%,2.0%,3.8%
Washington Wizards,2012-13,NBA,WAS,82,25.1%,21.6%,25.1%,-.013,37.6%,38.2%,-.002,18.1%,21.3%,-.013,12.3%,15.4%,-.020,11.3%,31.9%,26.1%,24.4%,22.9%,19.3%,18.8%,27.5%,20.9%
Washington Wizards,2011-12,NBA,WAS,66,-20.4%,-23.7%,-20.6%,-.018,-23.9%,-18.9%,-.023,-23.6%,-21.1%,-.016,-26.8%,-26.5%,-.003,-18.4%,-20.9%,-20.2%,-25.2%,-16.7%,-27.4%,-22.4%,-25.9%,-24.3%
Washington Wizards,2010-11,NBA,WAS,82,0.5%,3.0%,1.2%,+.008,6.1%,2.3%,+.013,2.3%,0.8%,+.007,5.4%,5.5%,-.000,6.3%,3.0%,3.9%,7.1%,9.7%,-0.5%,16.0%,-1.3%,3.6%
Washington Wizards,2009-10,NBA,WAS,82,0.6%,-2.6%,1.5%,-.019,-21.7%,-15.7%,-.027,2.6%,7.7%,-.025,6.9%,6.6%,+.002,0.1%,1.6%,1.2%,-12.1%,-4.0%,-3.7%,-2.2%,2.8%,-2.4%
Utah Jazz,2020-21,NBA,UTA,72,0.0%,0.4%,2.6%,-.009,-0.9%,2.6%,-.012,0.9%,2.5%,-.008,-11.6%,-11.7%,+.001,2.6%,-1.0%,-0.2%,3.6%,-2.1%,-14.3%,-7.0%,-9.1%,-1.5%
Utah Jazz,2019-20,NBA,UTA,72,-12.1%,-10.6%,-11.5%,+.005,-2.0%,-1.7%,-.001,-13.4%,-16.0%,+.016,-13.6%,-15.2%,+.014,-6.1%,-13.6%,-12.0%,-12.5%,-18.6%,-12.5%,-21.7%,-18.2%,-10.3%
Utah Jazz,2018-19,NBA,UTA,82,0.0%,7.2%,6.6%,+.002,3.6%,6.7%,-.010,8.4%,6.6%,+.008,5.9%,8.5%,-.018,3.2%,2.2%,2.4%,8.2%,2.5%,-1.1%,-7.2%,9.0%,6.6%
Utah Jazz,2017-18,NBA,UTA,82,0.0%,2.7%,1.2%,+.006,15.9%,13.7%,+.007,-1.2%,-3.6%,+.012,-1.0%,-1.2%,+.002,-4.3%,5.8%,3.5%,11.8%,13.4%,21.8%,23.0%,1.7%,3.2%
Utah Jazz,2016-17,NBA,UTA,82,-1.0%,2.0%,2.7%,-.003,3.4%,3.0%,+.001,1.6%,2.5%,-.004,-4.8%,-7.7%,+.023,-2.9%,1.3%,0.3%,-6.7%,-8.3%,-19.0%,-13.2%,1.6%,0.9%
Utah Jazz,2015-16,NBA,UTA,82,1.3%,-0.5%,-0.6%,+.000,7.5%,8.9%,-.005,-2.6%,-3.8%,+.006,5.0%,4.7%,+.002,-5.8%,4.8%,2.1%,-1.6%,-3.3%,0.8%,6.5%,1.6%,1.0%
Utah Jazz,2014-15,NBA,UTA,82,-0.4%,-6.5%,-0.8%,-.027,0.8%,5.0%,-.015,-8.2%,-2.6%,-.029,-13.0%,-9.5%,-.030,-4.1%,-8.9%,-7.7%,-10.9%,9.2%,-4.7%,4.1%,-4.1%,-7.1%
Utah Jazz,2013-14,NBA,UTA,82,-0.5%,4.5%,1.4%,+.014,7.0%,5.2%,+.006,3.9%,0.2%,+.018,1.7%,-0.4%,+.016,-6.1%,7.9%,4.2%,5.9%,-3.6%,-16.5%,-14.3%,0.2%,4.2%
Utah Jazz,2012-13,NBA,UTA,82,23.0%,25.0%,23.4%,+.006,30.8%,20.2%,+.030,23.7%,24.3%,-.003,13.6%,13.1%,+.003,23.8%,23.0%,23.2%,24.6%,29.6%,28.0%,24.6%,22.3%,23.1%
Utah Jazz,2011-12,NBA,UTA,66,-18.7%,-19.0%,-17.8%,-.007,-27.7%,-20.0%,-.036,-16.8%,-17.1%,+.002,-26.7%,-24.4%,-.024,-21.3%,-18.1%,-18.9%,-20.3%,-18.9%,-8.8%,-19.3%,-24.2%,-21.3%
Utah Jazz,2010-11,NBA,UTA,82,0.6%,2.0%,-0.2%,+.010,7.2%,0.9%,+.022,0.8%,-0.5%,+.006,2.1%,-0.0%,+.016,10.5%,2.1%,4.3%,4.4%,-3.6%,-7.6%,-3.2%,-0.9%,2.4%
Utah Jazz,2009-10,NBA,UTA,82,-0.6%,-3.7%,-0.6%,-.014,3.4%,5.4%,-.007,-5.2%,-2.3%,-.014,2.2%,2.4%,-.001,-7.8%,-0.7%,-2.7%,-0.7%,-4.0%,5.0%,-6.4%,-7.8%,-2.0%
Toronto Raptors,2020-21,NBA,TOR,72,-0.4%,3.2%,-4.1%,+.033,6.2%,-5.6%,+.042,1.7%,-2.9%,+.024,11.1%,6.9%,+.030,-8.4%,2.1%,-0.4%,1.7%,-8.3%,1.8%,-4.2%,-4.2%,4.9%
Toronto Raptors,2019-20,NBA,TOR,72,-12.6%,-17.6%,-13.5%,-.021,6.9%,9.3%,-.008,-26.5%,-25.7%,-.006,-8.2%,-8.7%,+.004,-9.3%,-9.8%,-9.7%,-8.5%,-16.4%,7.3%,-1.1%,-12.9%,-13.7%
Toronto Raptors,2018-19,NBA,TOR,82,0.3%,4.9%,4.8%,+.000,20.7%,25.1%,-.013,0.1%,-3.6%,+.018,-6.0%,-5.8%,-.002,7.6%,4.9%,5.5%,12.7%,5.8%,-8.2%,4.2%,3.1%,4.3%
Toronto Raptors,2017-18,NBA,TOR,82,0.3%,3.2%,3.2%,+.000,-7.9%,-8.7%,+.003,7.1%,9.0%,-.009,-2.0%,-0.4%,-.013,-3.0%,2.0%,0.8%,-0.1%,7.5%,2.3%,-2.0%,-2.0%,1.2%
Toronto Raptors,2016-17,NBA,TOR,82,0.0%,2.0%,1.0%,+.004,10.7%,16.5%,-.019,-0.7%,-5.2%,+.022,12.2%,7.7%,+.031,6.3%,2.3%,3.2%,0.3%,2.4%,-11.3%,9.7%,-7.5%,4.5%
Toronto Raptors,2015-16,NBA,TOR,82,-0.4%,-4.0%,-0.8%,-.015,13.3%,5.1%,+.027,-8.4%,-3.0%,-.028,-4.0%,-5.9%,+.015,-15.2%,0.1%,-4.0%,-4.8%,-5.8%,7.0%,-7.4%,8.0%,-2.7%
Toronto Raptors,2014-15,NBA,TOR,82,-0.5%,5.4%,3.3%,+.009,11.4%,15.8%,-.014,3.9%,-0.7%,+.022,-9.4%,-7.1%,-.019,8.0%,2.2%,3.6%,8.8%,-4.9%,17.3%,-3.4%,-8.1%,2.9%
Toronto Raptors,2013-14,NBA,TOR,82,-0.1%,-0.5%,1.2%,-.008,4.0%,4.4%,-.001,-1.5%,0.3%,-.008,-2.9%,-3.6%,+.005,-2.6%,-1.5%,-1.8%,-4.3%,3.1%,-9.0%,4.7%,10.0%,-0.7%
Toronto Raptors,2012-13,NBA,TOR,82,25.1%,33.0%,26.6%,+.022,36.2%,23.4%,+.034,32.3%,27.5%,+.017,20.1%,19.7%,+.003,29.5%,27.4%,27.9%,35.3%,20.9%,20.2%,34.4%,35.9%,30.4%
Toronto Raptors,2011-12,NBA,TOR,66,-19.3%,-30.5%,-23.1%,-.046,-25.9%,-14.9%,-.049,-31.4%,-25.3%,-.042,-20.2%,-17.5%,-.025,-25.8%,-18.7%,-20.6%,-28.4%,-23.5%,-29.4%,-23.8%,-25.1%,-28.2%
Toronto Raptors,2010-11,NBA,TOR,82,0.0%,0.6%,-2.3%,+.014,-11.2%,-13.6%,+.010,3.4%,1.4%,+.010,-0.7%,1.4%,-.016,-2.3%,0.2%,-0.5%,-1.9%,7.8%,26.7%,9.7%,-6.4%,-0.5%
Toronto Raptors,2009-10,NBA,TOR,82,-0.1%,0.7%,-0.0%,+.003,-3.2%,-3.0%,-.001,1.7%,0.9%,+.004,22.0%,22.0%,+.000,4.2%,-3.4%,-1.4%,0.1%,11.3%,-6.7%,-4.8%,5.2%,3.9%
San Antonio Spurs,2020-21,NBA,SAS,72,1.5%,1.7%,1.0%,+.003,-4.9%,-5.7%,+.003,4.7%,5.4%,-.003,-8.9%,-6.6%,-.019,10.1%,5.1%,6.1%,-2.2%,-6.6%,19.8%,1.3%,-6.0%,-0.7%
San Antonio Spurs,2019-20,NBA,SAS,71,-13.1%,-11.8%,-12.9%,+.006,-3.1%,-6.9%,+.015,-15.1%,-16.4%,+.008,-0.9%,-3.6%,+.022,-12.0%,-10.3%,-10.7%,-9.9%,-17.5%,-7.2%,-6.2%,-11.6%,-9.3%
San Antonio Spurs,2018-19,NBA,SAS,82,0.4%,8.7%,6.4%,+.010,28.1%,24.3%,+.011,2.6%,-1.7%,+.022,6.3%,6.8%,-.003,0.0%,4.1%,3.2%,13.4%,-5.3%,4.4%,-13.5%,-0.5%,10.2%
San Antonio Spurs,2017-18,NBA,SAS,82,-0.4%,3.3%,1.1%,+.010,12.3%,10.9%,+.004,0.7%,-2.9%,+.018,-10.6%,-9.1%,-.013,-5.5%,5.0%,2.6%,1.7%,1.3%,-4.5%,-2.4%,-0.2%,1.7%
San Antonio Spurs,2016-17,NBA,SAS,82,0.5%,3.6%,1.9%,+.007,23.5%,18.8%,+.013,-1.0%,-3.5%,+.012,7.7%,5.8%,+.013,7.1%,0.9%,2.3%,2.9%,3.7%,5.0%,-2.5%,1.6%,5.6%
San Antonio Spurs,2015-16,NBA,SAS,82,-1.3%,-3.8%,-2.2%,-.007,-3.0%,5.4%,-.029,-4.0%,-4.4%,+.002,-6.6%,-8.2%,+.013,-8.1%,-2.5%,-3.8%,0.5%,-8.6%,-12.4%,4.0%,-1.0%,-4.2%
San Antonio Spurs,2014-15,NBA,SAS,82,1.0%,-1.7%,-1.6%,-.000,5.5%,3.3%,+.007,-3.2%,-3.0%,-.001,1.7%,3.7%,-.015,-5.7%,1.7%,-0.2%,1.8%,3.2%,-4.5%,2.6%,1.8%,-0.7%
San Antonio Spurs,2013-14,NBA,SAS,82,-0.6%,0.6%,0.2%,+.001,1.9%,2.0%,-.000,0.3%,-0.2%,+.002,3.1%,3.2%,-.000,-5.5%,0.9%,-0.8%,-5.0%,-7.0%,-6.4%,-6.9%,1.3%,1.0%
San Antonio Spurs,2012-13,NBA,SAS,82,24.7%,22.6%,25.2%,-.009,26.0%,26.2%,-.001,21.9%,24.9%,-.012,33.7%,32.9%,+.004,34.1%,26.4%,28.3%,36.0%,38.0%,22.7%,34.8%,25.8%,24.4%
San Antonio Spurs,2011-12,NBA,SAS,66,-19.4%,-19.7%,-19.0%,-.004,-14.0%,-10.7%,-.014,-20.7%,-20.9%,+.001,-28.4%,-27.4%,-.010,-23.1%,-18.2%,-19.5%,-23.4%,-13.8%,-11.8%,-17.3%,-26.9%,-20.7%
San Antonio Spurs,2010-11,NBA,SAS,82,0.0%,3.4%,2.5%,+.004,16.3%,8.8%,+.024,1.3%,1.2%,+.001,-9.2%,-10.4%,+.010,8.6%,2.8%,4.2%,6.9%,0.0%,-10.3%,6.1%,1.7%,1.8%
San Antonio Spurs,2009-10,NBA,SAS,82,-0.6%,1.7%,1.9%,-.001,-7.8%,1.7%,-.035,3.4%,1.9%,+.007,14.0%,16.0%,-.013,9.3%,-5.6%,-2.2%,6.4%,6.8%,18.5%,7.4%,10.7%,3.2%
Sacramento Kings,2020-21,NBA,SAC,72,-0.9%,8.3%,4.5%,+.017,-0.1%,-6.3%,+.023,12.1%,12.0%,+.001,-7.3%,-6.9%,-.003,17.3%,0.3%,3.9%,1.8%,-2.2%,10.5%,-9.7%,-4.0%,4.7%
Sacramento Kings,2019-20,NBA,SAC,72,-11.5%,-16.4%,-17.1%,+.004,-9.3%,-11.7%,+.009,-19.2%,-20.5%,+.009,-10.1%,-12.3%,+.020,-28.7%,-17.7%,-20.3%,-11.5%,-9.9%,-27.6%,-16.1%,-19.9%,-14.6%
Sacramento Kings,2018-19,NBA,SAC,82,-0.1%,9.1%,9.9%,-.004,1.0%,9.7%,-.030,12.6%,10.1%,+.012,14.3%,13.5%,+.005,23.1%,6.0%,9.6%,4.4%,-2.8%,8.0%,10.9%,23.3%,9.0%
Sacramento Kings,2017-18,NBA,SAC,82,-0.6%,0.8%,-1.0%,+.008,8.9%,5.0%,+.013,-2.5%,-4.3%,+.010,-12.9%,-11.5%,-.012,-9.8%,5.7%,2.1%,-0.1%,-8.4%,-7.4%,2.7%,-13.6%,-0.8%
Sacramento Kings,2016-17,NBA,SAC,82,0.4%,-5.2%,-5.1%,-.000,6.8%,7.4%,-.002,-9.3%,-11.0%,+.010,6.6%,4.5%,+.015,-10.8%,-2.7%,-4.8%,-2.3%,-3.9%,-3.9%,-12.5%,-8.6%,-2.2%
Sacramento Kings,2015-16,NBA,SAC,82,-0.3%,2.7%,1.4%,+.006,16.9%,11.6%,+.017,-1.3%,-2.7%,+.008,2.1%,0.2%,+.014,3.1%,11.5%,9.3%,3.9%,1.4%,-14.0%,23.5%,-8.1%,3.8%
Sacramento Kings,2014-15,NBA,SAC,82,0.1%,4.4%,5.3%,-.004,3.2%,12.1%,-.030,4.7%,2.8%,+.009,-10.0%,-11.3%,+.011,10.5%,-3.5%,-0.1%,-0.8%,11.8%,10.7%,-5.1%,3.2%,1.6%
Sacramento Kings,2013-14,NBA,SAC,82,0.0%,-3.7%,-1.4%,-.011,11.4%,4.0%,+.025,-7.3%,-3.3%,-.021,1.7%,8.0%,-.046,-16.4%,-1.3%,-5.4%,-6.4%,2.1%,-11.2%,-7.6%,16.0%,-1.6%
Sacramento Kings,2012-13,NBA,SAC,82,24.6%,20.8%,21.8%,-.004,42.4%,42.6%,-.000,16.5%,15.9%,+.003,38.6%,34.9%,+.021,19.4%,20.8%,20.4%,31.0%,20.5%,22.2%,19.1%,24.6%,25.0%
Sacramento Kings,2011-12,NBA,SAC,66,-19.8%,-18.2%,-17.8%,-.002,-8.5%,-8.6%,+.000,-19.8%,-20.1%,+.002,-29.6%,-29.6%,-.001,-6.1%,-14.1%,-12.1%,-11.7%,-22.2%,-8.8%,-15.8%,-23.8%,-19.7%
Sacramento Kings,2010-11,NBA,SAC,82,-0.1%,1.9%,-0.0%,+.009,-3.4%,-2.7%,-.003,2.9%,0.7%,+.011,-4.4%,-3.0%,-.012,-4.5%,-1.2%,-2.1%,5.7%,13.7%,-0.9%,7.5%,4.4%,0.4%
Sacramento Kings,2009-10,NBA,SAC,82,-0.1%,-2.5%,0.5%,-.015,-14.3%,-2.7%,-.048,0.0%,1.4%,-.007,-8.8%,-10.9%,+.018,-10.7%,-2.1%,-4.5%,-6.3%,-16.8%,10.6%,-4.9%,-5.0%,-4.6%
Portland Trail Blazers,2020-21,NBA,POR,72,-3.0%,-2.7%,-6.3%,+.017,-7.5%,-4.8%,-.011,-0.4%,-7.2%,+.037,-8.6%,-10.4%,+.016,-16.7%,-2.3%,-5.8%,-2.5%,-12.4%,-8.5%,-6.4%,-7.7%,-4.2%
Portland Trail Blazers,2019-20,NBA,POR,74,-10.2%,-8.3%,-8.2%,-.001,14.2%,7.2%,+.024,-16.3%,-15.8%,-.003,-1.9%,-2.1%,+.002,1.2%,-2.0%,-1.2%,-3.5%,-16.7%,-13.3%,-6.0%,-12.4%,-5.1%
Portland Trail Blazers,2018-19,NBA,POR,82,0.5%,7.2%,4.9%,+.010,10.6%,12.1%,-.005,6.0%,1.6%,+.021,5.6%,3.6%,+.014,10.4%,-3.1%,-0.2%,15.2%,0.2%,0.5%,-2.1%,8.6%,7.2%
Portland Trail Blazers,2017-18,NBA,POR,82,-0.9%,-2.1%,-0.4%,-.008,4.2%,5.9%,-.006,-4.0%,-3.0%,-.005,-20.2%,-17.0%,-.030,-8.1%,-0.8%,-2.5%,-2.0%,-4.9%,-3.0%,-1.5%,-3.7%,-5.0%
Portland Trail Blazers,2016-17,NBA,POR,82,0.6%,2.1%,1.8%,+.002,8.9%,9.0%,-.001,0.2%,-0.9%,+.005,9.2%,2.1%,+.051,-4.3%,2.3%,0.7%,-4.6%,0.5%,1.7%,-3.3%,1.7%,4.0%
Portland Trail Blazers,2015-16,NBA,POR,82,-0.3%,0.5%,-2.5%,+.014,33.6%,21.6%,+.033,-6.1%,-9.2%,+.016,20.3%,24.3%,-.024,-3.9%,-1.4%,-2.0%,6.1%,-3.8%,42.8%,8.9%,4.1%,5.8%
Portland Trail Blazers,2014-15,NBA,POR,82,0.0%,-3.6%,-1.1%,-.012,-1.9%,3.2%,-.017,-4.0%,-2.2%,-.008,-7.0%,-6.0%,-.008,-4.4%,5.0%,2.5%,-0.4%,2.5%,-2.3%,1.4%,-9.7%,-4.1%
Portland Trail Blazers,2013-14,NBA,POR,82,0.0%,0.7%,5.8%,-.023,2.5%,-1.8%,+.015,0.4%,8.0%,-.036,8.6%,7.8%,+.005,4.8%,1.7%,2.5%,-13.8%,-7.5%,-15.3%,-8.3%,10.5%,2.1%
Portland Trail Blazers,2012-13,NBA,POR,82,24.4%,30.2%,27.3%,+.011,17.9%,25.8%,-.023,32.9%,27.7%,+.020,21.1%,18.9%,+.014,23.4%,25.0%,24.6%,39.7%,38.5%,14.3%,9.4%,17.7%,27.9%
Portland Trail Blazers,2011-12,NBA,POR,66,-19.4%,-14.7%,-14.0%,-.004,-16.4%,-15.5%,-.004,-14.4%,-13.5%,-.005,-25.9%,-24.0%,-.020,-15.9%,-13.5%,-14.2%,-11.5%,-11.8%,-7.4%,-23.6%,-25.1%,-16.9%
Portland Trail Blazers,2010-11,NBA,POR,82,-0.3%,-1.6%,-2.1%,+.003,10.2%,2.9%,+.024,-3.8%,-3.5%,-.002,2.9%,-0.1%,+.022,8.4%,2.7%,4.2%,-0.6%,16.7%,1.8%,16.5%,-1.4%,-0.0%
Portland Trail Blazers,2009-10,NBA,POR,82,0.1%,1.8%,0.8%,+.004,-1.4%,7.5%,-.031,2.4%,-1.0%,+.016,-2.5%,5.1%,-.058,1.9%,6.0%,4.9%,-0.4%,-5.6%,4.4%,2.0%,2.0%,0.8%
Phoenix Suns,2020-21,NBA,PHO,72,-0.7%,-3.2%,-2.0%,-.005,-1.4%,1.0%,-.009,-3.8%,-3.8%,-.000,-13.8%,-12.7%,-.010,1.5%,-3.8%,-2.7%,-4.1%,-13.5%,-35.7%,-13.9%,-21.7%,-4.8%
Phoenix Suns,2019-20,NBA,PHO,73,-11.5%,-13.5%,-11.8%,-.010,-7.0%,-4.8%,-.008,-15.8%,-15.3%,-.003,-17.4%,-21.0%,+.034,-31.6%,-13.8%,-18.3%,-19.0%,-21.8%,-2.4%,-11.4%,-2.4%,-13.6%
Phoenix Suns,2018-19,NBA,PHO,82,0.9%,1.6%,-0.6%,+.011,1.9%,2.3%,-.002,1.5%,-2.1%,+.019,10.5%,12.4%,-.013,13.6%,-0.3%,2.8%,11.3%,3.5%,-15.8%,16.9%,-1.2%,3.1%
Phoenix Suns,2017-18,NBA,PHO,82,-0.6%,3.8%,2.9%,+.004,8.5%,11.1%,-.009,2.3%,-0.7%,+.015,-17.4%,-15.6%,-.016,1.8%,4.8%,4.1%,5.1%,7.4%,12.2%,-10.1%,-5.9%,-0.0%
Phoenix Suns,2016-17,NBA,PHO,82,0.6%,2.9%,2.9%,-.000,7.1%,5.8%,+.005,1.5%,1.7%,-.001,14.5%,9.6%,+.033,3.3%,0.1%,0.8%,-1.0%,-15.2%,-3.1%,-0.2%,2.9%,5.4%
Phoenix Suns,2015-16,NBA,PHO,82,-0.9%,1.9%,-1.5%,+.015,21.6%,13.5%,+.025,-3.1%,-6.7%,+.019,5.9%,7.2%,-.009,-14.5%,0.1%,-3.6%,5.9%,20.1%,33.2%,-4.1%,6.4%,4.1%
Phoenix Suns,2014-15,NBA,PHO,82,0.6%,1.0%,1.9%,-.004,13.8%,10.2%,+.011,-1.8%,-0.7%,-.006,-5.0%,-4.0%,-.008,2.7%,7.0%,5.8%,4.2%,6.2%,1.5%,1.4%,-4.9%,0.7%
Phoenix Suns,2013-14,NBA,PHO,82,-0.3%,-2.0%,1.0%,-.014,-2.1%,11.5%,-.047,-2.0%,-1.9%,-.000,15.4%,14.0%,+.009,-3.3%,-0.5%,-1.2%,-11.0%,-10.4%,-21.1%,0.0%,15.8%,0.9%
Phoenix Suns,2012-13,NBA,PHO,82,25.0%,27.0%,22.9%,+.015,42.7%,29.4%,+.036,24.0%,21.2%,+.011,27.7%,28.5%,-.004,19.5%,25.9%,24.1%,32.1%,30.0%,46.2%,35.4%,16.9%,28.1%
Phoenix Suns,2011-12,NBA,PHO,66,-20.8%,-24.3%,-21.5%,-.017,-32.0%,-29.1%,-.015,-22.7%,-19.3%,-.021,-25.7%,-26.5%,+.008,-18.6%,-22.0%,-21.1%,-25.1%,-18.3%,-19.1%,-21.9%,-25.7%,-25.1%
Phoenix Suns,2010-11,NBA,PHO,82,1.4%,2.3%,-2.1%,+.020,4.3%,0.8%,+.012,1.9%,-2.9%,+.023,-7.8%,-7.1%,-.006,-8.9%,10.7%,4.6%,10.9%,-0.3%,-2.5%,11.6%,-2.7%,0.5%
Phoenix Suns,2009-10,NBA,PHO,82,-0.1%,-1.3%,2.0%,-.015,-10.4%,-3.2%,-.028,0.8%,3.6%,-.013,-1.7%,0.3%,-.015,8.9%,1.7%,3.8%,-2.1%,-8.5%,-1.1%,-8.6%,-4.7%,-2.0%
Philadelphia 76ers,2020-21,NBA,PHI,72,-0.9%,-2.4%,-0.3%,-.010,12.9%,10.7%,+.007,-7.8%,-6.0%,-.010,-6.6%,-8.2%,+.013,11.8%,-1.6%,1.2%,2.0%,2.2%,13.9%,11.2%,1.1%,-1.6%
Philadelphia 76ers,2019-20,NBA,PHI,73,-11.2%,-15.0%,-16.4%,+.008,-10.0%,-12.8%,+.011,-16.7%,-18.1%,+.009,-13.2%,-11.2%,-.017,-23.7%,-11.6%,-14.4%,-13.4%,-19.6%,-12.5%,-3.4%,-17.8%,-14.2%
Philadelphia 76ers,2018-19,NBA,PHI,82,0.1%,9.6%,4.5%,+.021,1.7%,1.5%,+.001,12.4%,6.0%,+.029,-1.3%,-4.3%,+.023,0.6%,3.9%,3.1%,7.6%,-9.0%,-19.4%,-10.9%,8.7%,6.8%
Philadelphia 76ers,2017-18,NBA,PHI,82,-0.3%,-3.8%,2.0%,-.026,13.7%,18.7%,-.015,-8.9%,-4.8%,-.022,-5.1%,-1.5%,-.028,-7.7%,-5.7%,-6.2%,-4.1%,-1.0%,-6.5%,-5.5%,3.7%,-2.6%
Philadelphia 76ers,2016-17,NBA,PHI,82,0.1%,-0.3%,0.5%,-.004,14.3%,15.1%,-.003,-3.8%,-4.4%,+.003,-2.0%,-0.3%,-.013,-3.0%,-6.2%,-5.4%,-3.1%,-1.0%,-4.3%,0.0%,2.5%,0.5%
Philadelphia 76ers,2015-16,NBA,PHI,82,0.0%,6.8%,3.2%,+.016,-3.0%,-5.5%,+.009,9.6%,6.6%,+.014,10.0%,5.8%,+.030,-2.9%,4.7%,2.8%,-1.2%,-8.7%,2.6%,-9.7%,-5.2%,6.6%
Philadelphia 76ers,2014-15,NBA,PHI,82,-0.3%,-7.3%,-2.7%,-.022,-11.0%,-6.0%,-.020,-6.2%,-1.4%,-.025,-10.3%,-10.5%,+.002,-3.7%,-0.6%,-1.4%,-9.4%,5.8%,-18.6%,-1.2%,-1.7%,-8.1%
Philadelphia 76ers,2013-14,NBA,PHI,82,0.5%,8.8%,5.0%,+.017,34.6%,26.9%,+.021,3.1%,-1.8%,+.024,28.1%,29.1%,-.006,8.1%,6.2%,6.7%,14.7%,24.7%,40.9%,18.4%,26.7%,13.9%
Philadelphia 76ers,2012-13,NBA,PHI,82,24.1%,33.3%,25.3%,+.027,53.8%,47.1%,+.015,29.5%,19.8%,+.037,30.9%,29.6%,+.007,27.9%,24.0%,24.9%,44.6%,50.9%,25.3%,28.0%,24.4%,34.1%
Philadelphia 76ers,2011-12,NBA,PHI,66,-20.1%,-24.5%,-20.1%,-.025,-23.7%,-22.2%,-.007,-24.6%,-19.6%,-.030,-33.8%,-32.0%,-.021,-19.9%,-16.4%,-17.3%,-26.6%,-32.9%,-16.0%,-21.4%,-30.7%,-26.2%
Philadelphia 76ers,2010-11,NBA,PHI,82,0.6%,-3.5%,1.0%,-.021,-22.8%,-10.8%,-.053,1.2%,4.6%,-.016,1.2%,0.2%,+.008,-0.8%,5.6%,3.9%,-2.7%,-6.1%,13.3%,-1.8%,0.7%,-4.1%
Philadelphia 76ers,2009-10,NBA,PHI,82,0.3%,3.6%,1.3%,+.011,3.6%,-3.3%,+.026,3.6%,2.8%,+.004,8.3%,10.7%,-.017,-5.0%,8.1%,4.3%,0.6%,8.0%,-17.0%,-7.0%,-14.1%,4.4%
Orlando Magic,2020-21,NBA,ORL,72,-1.4%,3.1%,1.8%,+.006,10.5%,8.0%,+.009,-0.2%,-2.1%,+.010,-1.9%,-3.8%,+.015,6.7%,3.4%,4.1%,3.9%,7.2%,13.6%,-13.9%,-5.4%,3.2%
Orlando Magic,2019-20,NBA,ORL,73,-11.2%,-9.9%,-11.7%,+.009,4.1%,-0.9%,+.017,-14.9%,-17.4%,+.016,-16.6%,-15.8%,-.007,-10.7%,-10.5%,-10.5%,-4.7%,-11.1%,-6.6%,0.1%,-7.6%,-9.6%
Orlando Magic,2018-19,NBA,ORL,82,0.3%,-2.4%,0.1%,-.012,4.8%,9.5%,-.016,-4.7%,-4.2%,-.003,-0.7%,-1.4%,+.006,-14.9%,1.0%,-2.6%,-5.3%,-10.0%,-10.0%,-8.7%,-1.2%,-1.5%
Orlando Magic,2017-18,NBA,ORL,82,-0.4%,1.5%,1.3%,+.001,3.1%,4.6%,-.005,1.0%,-0.1%,+.006,-5.6%,-6.4%,+.006,8.6%,-1.4%,0.7%,3.2%,2.7%,-4.1%,9.1%,1.6%,0.5%
Orlando Magic,2016-17,NBA,ORL,82,-0.5%,4.9%,3.4%,+.007,8.5%,5.9%,+.009,3.8%,2.3%,+.007,-3.1%,-5.6%,+.020,-4.0%,4.8%,2.8%,1.9%,0.3%,-6.5%,-13.8%,2.3%,3.8%
Orlando Magic,2015-16,NBA,ORL,82,0.8%,1.2%,1.9%,-.003,7.3%,10.1%,-.009,-0.5%,-1.2%,+.004,4.3%,5.0%,-.005,0.8%,2.2%,1.9%,-1.1%,-2.4%,1.6%,4.6%,2.0%,2.2%
Orlando Magic,2014-15,NBA,ORL,82,-1.0%,-0.4%,-2.1%,+.007,3.5%,4.2%,-.003,-1.5%,-4.2%,+.014,-2.7%,-0.2%,-.020,-4.0%,-0.3%,-1.1%,4.0%,9.3%,-0.9%,3.4%,-2.2%,-0.5%
Orlando Magic,2013-14,NBA,ORL,82,0.9%,-1.4%,0.3%,-.008,6.8%,3.3%,+.012,-3.3%,-0.7%,-.013,8.5%,3.9%,+.033,-3.3%,4.9%,2.8%,-5.0%,-1.9%,3.5%,12.4%,10.9%,0.8%
Orlando Magic,2012-13,NBA,ORL,82,23.9%,33.6%,29.4%,+.015,49.0%,44.4%,+.011,30.3%,25.1%,+.020,32.9%,39.1%,-.034,33.1%,27.0%,28.5%,44.1%,19.6%,57.5%,17.6%,3.4%,34.5%
Orlando Magic,2011-12,NBA,ORL,66,-19.5%,-17.2%,-19.5%,+.013,-19.8%,-19.2%,-.002,-16.6%,-19.6%,+.017,-30.3%,-32.9%,+.029,-17.1%,-15.9%,-16.2%,-18.0%,-18.3%,-11.9%,-23.7%,-27.0%,-19.8%
Orlando Magic,2010-11,NBA,ORL,82,0.5%,-3.0%,-2.5%,-.002,-1.1%,2.7%,-.014,-3.5%,-3.9%,+.002,4.4%,6.0%,-.011,0.6%,-1.2%,-0.8%,6.2%,10.0%,7.6%,8.2%,-1.5%,-1.6%
Orlando Magic,2009-10,NBA,ORL,82,0.0%,0.6%,-0.7%,+.006,17.6%,10.8%,+.021,-2.4%,-3.4%,+.005,-2.9%,-2.8%,-.001,-7.4%,-4.2%,-5.0%,4.2%,-2.3%,-6.5%,-2.1%,-1.1%,1.0%
Oklahoma City Thunder,2020-21,NBA,OKC,72,-0.4%,6.3%,2.3%,+.018,20.1%,12.2%,+.024,1.0%,-3.5%,+.025,-1.5%,1.3%,-.022,-3.3%,7.7%,5.1%,12.1%,28.1%,30.3%,-8.0%,-18.6%,6.6%
Oklahoma City Thunder,2019-20,NBA,OKC,72,-12.2%,-12.1%,-11.2%,-.005,-11.7%,-7.6%,-.016,-12.3%,-13.3%,+.006,-25.4%,-28.6%,+.034,-7.0%,-15.8%,-13.9%,-18.8%,-24.9%,-30.1%,-25.4%,-11.0%,-14.3%
Oklahoma City Thunder,2018-19,NBA,OKC,82,0.1%,5.9%,5.6%,+.001,0.2%,3.4%,-.011,8.3%,6.9%,+.007,12.6%,13.7%,-.008,3.8%,9.7%,8.4%,6.7%,6.7%,10.1%,4.3%,5.4%,6.4%
Oklahoma City Thunder,2017-18,NBA,OKC,82,0.1%,-1.8%,-1.6%,-.001,27.1%,23.1%,+.011,-10.2%,-11.8%,+.009,-12.7%,-13.2%,+.005,4.1%,3.6%,3.7%,8.7%,-9.7%,-16.2%,16.5%,3.1%,-1.3%
Oklahoma City Thunder,2016-17,NBA,OKC,82,-0.1%,2.1%,-2.7%,+.021,8.5%,4.5%,+.013,0.3%,-5.4%,+.028,3.5%,2.4%,+.008,-18.7%,8.8%,1.1%,-0.5%,-2.9%,20.6%,5.7%,2.7%,2.8%
Oklahoma City Thunder,2015-16,NBA,OKC,82,0.0%,2.1%,2.6%,-.002,-2.1%,-1.8%,-.001,3.3%,4.4%,-.005,-1.3%,-2.7%,+.011,0.7%,-8.3%,-5.9%,-2.6%,12.0%,-1.1%,-4.5%,-1.3%,1.2%
Oklahoma City Thunder,2014-15,NBA,OKC,82,0.1%,3.4%,2.4%,+.004,-3.4%,0.8%,-.015,5.5%,3.1%,+.011,-1.2%,-3.6%,+.018,1.9%,5.3%,4.4%,1.7%,-4.0%,27.4%,-10.4%,0.2%,2.0%
Oklahoma City Thunder,2013-14,NBA,OKC,82,-0.1%,0.6%,-1.9%,+.011,15.6%,11.8%,+.012,-3.3%,-6.5%,+.015,10.2%,17.3%,-.047,-8.8%,4.5%,0.6%,6.2%,-0.6%,-8.1%,3.0%,-1.5%,3.4%
Oklahoma City Thunder,2012-13,NBA,OKC,82,24.0%,23.3%,23.9%,-.002,44.9%,43.1%,+.004,18.8%,18.5%,+.001,17.6%,16.7%,+.006,18.2%,24.4%,22.5%,28.1%,24.2%,0.3%,29.3%,28.4%,23.7%
Oklahoma City Thunder,2011-12,NBA,OKC,66,-20.1%,-23.0%,-17.5%,-.030,-12.7%,-7.8%,-.019,-24.9%,-19.9%,-.030,-25.0%,-27.4%,+.024,-10.4%,-21.1%,-18.1%,-23.4%,-7.7%,-9.8%,-18.7%,-25.2%,-22.8%
Oklahoma City Thunder,2010-11,NBA,OKC,82,1.0%,3.9%,1.6%,+.010,0.2%,-5.6%,+.021,4.6%,3.5%,+.005,1.0%,3.7%,-.020,-0.5%,-0.1%,-0.2%,5.8%,-4.7%,-7.3%,-6.9%,0.7%,3.1%
Oklahoma City Thunder,2009-10,NBA,OKC,82,0.0%,-6.9%,-1.2%,-.027,-8.2%,-1.7%,-.024,-6.7%,-1.0%,-.029,5.0%,4.6%,+.003,6.0%,-4.0%,-1.4%,-8.5%,-11.6%,-5.7%,8.6%,6.0%,-4.9%
New York Knicks,2020-21,NBA,NYK,72,9.2%,3.8%,9.4%,-.024,-1.5%,11.4%,-.044,6.4%,8.0%,-.008,-4.3%,-5.8%,+.012,10.0%,8.5%,8.8%,5.7%,-0.4%,17.4%,1.2%,-1.5%,1.8%
New York Knicks,2019-20,NBA,NYK,66,-19.3%,-23.4%,-22.8%,-.004,-9.5%,-13.8%,+.018,-28.8%,-27.9%,-.007,-14.9%,-12.9%,-.018,-28.3%,-24.3%,-25.2%,-23.5%,-21.9%,-27.3%,-16.3%,-23.6%,-20.6%
New York Knicks,2018-19,NBA,NYK,82,-0.3%,6.2%,3.9%,+.010,5.7%,7.2%,-.005,6.4%,2.1%,+.022,1.2%,2.2%,-.007,5.1%,11.6%,10.1%,6.8%,-9.4%,17.7%,-1.1%,13.2%,5.3%
New York Knicks,2017-18,NBA,NYK,82,-0.1%,-0.8%,-1.2%,+.002,13.8%,7.8%,+.019,-5.6%,-5.5%,-.001,-3.8%,-4.1%,+.003,-12.1%,-0.5%,-3.5%,10.0%,8.9%,3.2%,3.4%,-0.5%,0.0%
New York Knicks,2016-17,NBA,NYK,82,0.3%,4.7%,1.8%,+.012,28.8%,25.8%,+.008,-1.4%,-6.7%,+.027,6.8%,4.4%,+.017,7.1%,-0.7%,1.2%,4.9%,4.4%,9.9%,14.3%,-0.3%,6.9%
New York Knicks,2015-16,NBA,NYK,82,-0.3%,2.7%,6.7%,-.017,-9.8%,0.7%,-.040,6.5%,9.0%,-.012,-7.0%,-6.3%,-.006,-0.9%,2.4%,1.6%,-4.5%,-10.6%,-2.8%,-19.6%,-2.8%,-0.1%
New York Knicks,2014-15,NBA,NYK,82,0.0%,3.3%,3.0%,+.001,-2.7%,-5.0%,+.009,5.2%,6.4%,-.006,-1.6%,-0.9%,-.006,6.5%,2.7%,3.6%,10.2%,28.5%,27.4%,-3.4%,-2.9%,1.8%
New York Knicks,2013-14,NBA,NYK,82,0.6%,0.6%,0.6%,+.000,11.6%,7.4%,+.014,-2.5%,-2.1%,-.002,13.8%,12.6%,+.008,2.3%,0.3%,0.8%,2.4%,-1.9%,-15.3%,-3.9%,2.2%,3.8%
New York Knicks,2012-13,NBA,NYK,82,23.8%,25.9%,21.5%,+.016,43.9%,44.5%,-.001,21.6%,14.4%,+.030,17.7%,14.5%,+.020,14.9%,26.7%,23.6%,26.6%,-2.4%,-2.1%,10.4%,9.7%,25.6%
New York Knicks,2011-12,NBA,NYK,66,-19.4%,-28.6%,-23.8%,-.030,-17.2%,-14.1%,-.013,-30.8%,-26.3%,-.031,-29.0%,-26.6%,-.026,-25.6%,-22.7%,-23.5%,-25.8%,-8.5%,-7.2%,-10.0%,-15.6%,-27.9%
New York Knicks,2010-11,NBA,NYK,82,-0.5%,-3.3%,-0.5%,-.014,-3.1%,-8.2%,+.020,-3.3%,1.8%,-.027,15.5%,14.2%,+.008,0.5%,-2.9%,-2.0%,-2.4%,0.2%,-2.2%,5.8%,8.1%,-0.2%
New York Knicks,2009-10,NBA,NYK,82,0.4%,-0.8%,-2.0%,+.006,-3.2%,-3.3%,+.001,-0.3%,-1.6%,+.007,-5.6%,-5.1%,-.004,0.5%,-3.6%,-2.6%,-2.9%,-10.6%,-15.8%,-0.5%,-1.0%,-1.8%
New Orleans Pelicans,2020-21,NBA,NOP,72,0.0%,-2.0%,-2.7%,+.004,18.5%,12.6%,+.019,-10.2%,-11.7%,+.009,-14.5%,-14.6%,+.001,-11.4%,-5.4%,-6.8%,5.8%,-9.8%,22.4%,-8.0%,1.0%,-1.9%
New Orleans Pelicans,2019-20,NBA,NOP,72,-11.8%,-13.3%,-13.1%,-.001,-12.5%,-11.9%,-.003,-13.6%,-13.9%,+.002,-4.8%,-7.8%,+.025,-19.0%,-12.4%,-14.0%,-18.9%,-12.4%,-21.8%,-6.1%,-11.8%,-11.9%
New Orleans Pelicans,2018-19,NBA,NOP,82,-1.0%,3.7%,0.9%,+.012,12.9%,10.2%,+.009,0.4%,-3.7%,+.022,11.7%,14.7%,-.021,1.2%,0.4%,0.6%,11.7%,4.8%,29.4%,-6.2%,3.2%,5.8%
New Orleans Pelicans,2017-18,NBA,NOP,82,0.3%,4.2%,3.3%,+.004,3.2%,2.6%,+.002,4.5%,3.6%,+.004,1.9%,-1.1%,+.022,1.7%,-8.0%,-5.9%,1.4%,11.1%,-1.1%,3.7%,5.6%,3.7%
New Orleans Pelicans,2016-17,NBA,NOP,82,0.6%,2.1%,6.1%,-.018,14.5%,19.7%,-.016,-1.7%,0.4%,-.011,-16.3%,-13.9%,-.021,19.5%,6.1%,8.8%,1.2%,0.2%,-17.7%,1.5%,-3.0%,-0.1%
New Orleans Pelicans,2015-16,NBA,NOP,82,0.0%,3.5%,0.9%,+.012,40.4%,27.3%,+.034,-4.2%,-7.2%,+.016,16.2%,12.6%,+.024,-16.1%,14.8%,6.9%,11.7%,8.5%,-10.9%,12.4%,6.3%,8.1%
New Orleans Pelicans,2014-15,NBA,NOP,82,-0.4%,1.7%,3.8%,-.009,-17.6%,-12.2%,-.022,7.0%,9.9%,-.013,-18.8%,-19.5%,+.007,-1.2%,-0.0%,-0.4%,-7.9%,-3.8%,-5.8%,-15.4%,-7.9%,-3.8%
New Orleans Pelicans,2013-14,NBA,NOP,82,0.4%,0.8%,2.1%,-.006,3.2%,8.2%,-.018,0.2%,-0.1%,+.002,22.3%,23.4%,-.007,5.5%,6.1%,6.0%,-3.7%,-11.0%,2.4%,9.1%,8.5%,4.6%
New Orleans Pelicans,2012-13,NBA,NOH,82,24.1%,31.5%,24.0%,+.027,48.7%,25.8%,+.058,27.6%,23.4%,+.016,18.6%,18.6%,-.000,14.2%,25.2%,22.2%,38.9%,23.9%,29.5%,18.7%,24.2%,30.3%
New Orleans Pelicans,2011-12,NBA,NOH,66,-19.6%,-20.0%,-17.7%,-.013,-23.7%,-14.1%,-.040,-19.1%,-18.9%,-.001,-18.8%,-17.6%,-.011,-4.9%,-22.3%,-18.1%,-20.7%,5.2%,-4.0%,-23.2%,-26.2%,-20.1%
New Orleans Pelicans,2010-11,NBA,NOH,82,0.0%,-11.3%,-6.3%,-.026,3.3%,3.0%,+.001,-14.2%,-9.0%,-.030,0.5%,-2.0%,+.019,-11.6%,-5.0%,-6.7%,-9.7%,-13.4%,7.9%,1.3%,4.8%,-8.4%
New Orleans Pelicans,2009-10,NBA,NOH,82,0.4%,14.0%,6.3%,+.032,-6.3%,-6.6%,+.001,19.1%,10.8%,+.036,-4.8%,-2.0%,-.022,5.8%,5.2%,5.3%,16.7%,20.6%,26.6%,8.1%,-4.7%,9.0%
Minnesota Timberwolves,2020-21,NBA,MIN,72,11.9%,12.2%,11.1%,+.005,27.7%,18.2%,+.029,6.6%,7.2%,-.003,5.5%,5.1%,+.003,11.0%,8.2%,8.8%,23.8%,10.2%,12.1%,11.1%,3.5%,12.6%
Minnesota Timberwolves,2019-20,NBA,MIN,64,-21.5%,-20.0%,-21.7%,+.010,-28.9%,-25.9%,-.016,-16.2%,-19.2%,+.019,-9.9%,-11.7%,+.016,-29.8%,-15.6%,-19.0%,-27.3%,-7.4%,-22.0%,-17.9%,-23.0%,-19.5%
Minnesota Timberwolves,2018-19,NBA,MIN,82,0.1%,4.7%,6.4%,-.008,17.0%,13.2%,+.012,0.1%,2.7%,-.014,6.9%,8.6%,-.012,14.7%,7.5%,9.2%,9.3%,1.9%,19.1%,-2.4%,4.9%,6.2%
Minnesota Timberwolves,2017-18,NBA,MIN,82,0.0%,1.6%,1.7%,-.000,9.7%,9.9%,-.000,-1.1%,-2.3%,+.006,-9.3%,-10.5%,+.011,-0.4%,4.7%,3.5%,3.5%,-15.9%,-7.5%,6.0%,1.8%,0.6%
Minnesota Timberwolves,2016-17,NBA,MIN,82,-0.4%,-0.9%,-1.9%,+.005,9.3%,5.9%,+.011,-3.9%,-5.3%,+.008,3.7%,2.1%,+.011,-8.1%,-2.0%,-3.5%,2.1%,-1.4%,-3.3%,-4.2%,-4.9%,0.7%
Minnesota Timberwolves,2015-16,NBA,MIN,82,0.4%,-2.9%,0.4%,-.016,6.5%,10.1%,-.012,-5.3%,-3.2%,-.011,7.7%,8.1%,-.003,-8.0%,-2.3%,-3.8%,-3.9%,-7.0%,-4.9%,-1.9%,1.0%,-0.6%
Minnesota Timberwolves,2014-15,NBA,MIN,82,-0.3%,1.6%,-1.6%,+.015,5.1%,4.2%,+.003,0.7%,-3.7%,+.023,4.0%,3.6%,+.003,5.0%,-3.6%,-1.5%,3.1%,6.5%,-1.8%,-7.7%,-9.6%,2.2%
Minnesota Timberwolves,2013-14,NBA,MIN,82,0.6%,6.7%,5.9%,+.004,15.1%,16.7%,-.005,4.8%,2.6%,+.011,0.1%,-0.4%,+.004,4.2%,5.2%,5.0%,2.3%,-2.6%,-5.0%,3.4%,4.8%,6.3%
Minnesota Timberwolves,2012-13,NBA,MIN,82,23.8%,21.0%,17.7%,+.013,41.9%,30.5%,+.030,17.1%,14.3%,+.012,17.4%,17.8%,-.003,13.0%,23.2%,20.5%,28.8%,20.4%,27.6%,48.8%,28.7%,21.7%
Minnesota Timberwolves,2011-12,NBA,MIN,66,-19.4%,-20.4%,-18.1%,-.013,-36.5%,-30.0%,-.035,-16.4%,-14.1%,-.013,-38.9%,-37.0%,-.023,-15.6%,-18.7%,-17.9%,-30.0%,-29.3%,-15.7%,-26.0%,-16.4%,-25.2%
Minnesota Timberwolves,2010-11,NBA,MIN,82,0.0%,-3.4%,-0.8%,-.012,3.4%,1.0%,+.009,-4.9%,-1.4%,-.018,13.0%,12.4%,+.004,-0.4%,-2.4%,-1.9%,-3.4%,7.8%,1.1%,0.9%,1.8%,-0.1%
Minnesota Timberwolves,2009-10,NBA,MIN,82,-0.1%,7.5%,6.1%,+.006,15.3%,19.0%,-.012,5.9%,2.5%,+.016,-8.0%,-7.6%,-.003,12.8%,4.0%,6.1%,19.2%,18.2%,-8.7%,14.1%,2.7%,4.9%
Milwaukee Bucks,2020-21,NBA,MIL,72,-1.5%,7.4%,-2.5%,+.042,4.7%,-3.2%,+.029,8.8%,-2.0%,+.051,-13.8%,-13.0%,-.007,0.0%,-8.1%,-6.5%,2.3%,-5.8%,6.7%,-8.1%,-16.8%,3.8%
Milwaukee Bucks,2019-20,NBA,MIL,73,-11.0%,-14.4%,-10.5%,-.019,-4.9%,-3.5%,-.005,-18.9%,-15.0%,-.022,-1.7%,-8.4%,+.054,-14.8%,-8.6%,-10.0%,-13.1%,-3.4%,-17.5%,-6.0%,-4.1%,-11.5%
Milwaukee Bucks,2018-19,NBA,MIL,82,-0.3%,3.5%,11.7%,-.034,29.4%,33.7%,-.012,-5.5%,1.2%,-.034,-17.7%,-12.0%,-.050,-0.5%,8.0%,6.1%,4.7%,-4.8%,7.9%,-14.3%,1.2%,2.3%
Milwaukee Bucks,2017-18,NBA,MIL,82,0.3%,3.0%,0.9%,+.009,1.6%,-3.7%,+.019,3.5%,3.3%,+.001,3.1%,1.4%,+.013,-3.3%,1.9%,0.6%,-1.8%,-3.9%,-2.4%,6.1%,3.4%,2.9%
Milwaukee Bucks,2016-17,NBA,MIL,82,-0.3%,0.6%,-0.2%,+.004,6.7%,6.5%,+.001,-1.4%,-3.4%,+.010,-2.8%,-3.1%,+.003,-10.3%,2.1%,-1.2%,-1.9%,-10.3%,-18.8%,-5.0%,-1.3%,0.6%
Milwaukee Bucks,2015-16,NBA,MIL,82,-0.5%,6.2%,2.0%,+.018,13.2%,10.0%,+.010,4.1%,-1.3%,+.026,1.9%,-1.6%,+.026,0.4%,0.3%,0.3%,9.9%,-4.1%,17.9%,-10.9%,-3.0%,6.0%
Milwaukee Bucks,2014-15,NBA,MIL,82,0.3%,-7.3%,-0.6%,-.031,-3.0%,8.1%,-.039,-8.5%,-3.9%,-.024,-2.2%,-0.9%,-.010,-2.4%,-1.2%,-1.5%,-2.1%,10.6%,-5.1%,23.1%,-2.4%,-6.0%
Milwaukee Bucks,2013-14,NBA,MIL,82,0.3%,-0.2%,-3.2%,+.014,31.8%,20.2%,+.033,-6.6%,-9.8%,+.017,8.1%,9.2%,-.008,-5.7%,-5.4%,-5.5%,-1.2%,-2.7%,14.1%,-11.6%,7.8%,3.3%
Milwaukee Bucks,2012-13,NBA,MIL,82,25.0%,28.7%,27.4%,+.005,20.8%,21.8%,-.003,30.4%,29.0%,+.005,18.4%,19.9%,-.010,25.3%,29.0%,28.0%,32.1%,31.9%,21.9%,24.9%,22.6%,26.3%
Milwaukee Bucks,2011-12,NBA,MIL,66,-20.0%,-13.6%,-14.0%,+.002,0.2%,-4.7%,+.017,-16.1%,-16.4%,+.002,-21.2%,-21.1%,-.000,-2.8%,-18.7%,-14.8%,-13.5%,-1.6%,-24.2%,-15.7%,-24.6%,-14.3%
Milwaukee Bucks,2010-11,NBA,MIL,82,-0.8%,-1.3%,-0.3%,-.004,-0.2%,2.6%,-.009,-1.4%,-1.0%,-.002,-11.5%,-12.0%,+.005,5.8%,-3.4%,-1.3%,4.8%,-11.5%,-6.9%,-0.7%,1.8%,-3.4%
Milwaukee Bucks,2009-10,NBA,MIL,82,1.0%,0.6%,2.1%,-.007,-22.1%,-14.1%,-.035,6.1%,7.1%,-.005,-13.7%,-10.8%,-.025,-4.9%,7.7%,4.6%,-8.6%,-7.0%,12.0%,-7.1%,-9.7%,-4.4%
Miami Heat,2020-21,NBA,MIA,72,-2.1%,-0.6%,-3.0%,+.011,7.4%,2.2%,+.018,-4.6%,-7.0%,+.013,-16.6%,-16.6%,-.001,1.5%,-1.1%,-0.5%,3.5%,-0.7%,-5.0%,6.2%,-10.7%,-2.3%
Miami Heat,2019-20,NBA,MIA,73,-10.1%,-9.9%,-11.1%,+.006,-1.7%,1.3%,-.011,-13.5%,-18.8%,+.032,-6.0%,-7.6%,+.013,-18.9%,-12.9%,-14.3%,-6.2%,-10.9%,-22.4%,-11.8%,-4.1%,-8.3%
Miami Heat,2018-19,NBA,MIA,82,-1.0%,1.7%,3.5%,-.008,23.9%,24.6%,-.002,-5.9%,-6.2%,+.002,-3.0%,-1.3%,-.014,11.7%,0.0%,2.5%,11.2%,-0.6%,2.9%,-0.1%,4.1%,2.9%
Miami Heat,2017-18,NBA,MIA,82,0.8%,-0.6%,-0.4%,-.001,22.8%,17.0%,+.017,-6.6%,-6.9%,+.001,-2.8%,-2.8%,+.001,-11.1%,2.0%,-1.1%,6.8%,10.8%,-5.0%,3.5%,3.7%,0.8%
Miami Heat,2016-17,NBA,MIA,82,-0.3%,1.8%,-0.1%,+.008,5.6%,7.0%,-.004,0.8%,-2.6%,+.016,11.9%,10.2%,+.012,4.2%,6.1%,5.6%,-2.8%,-9.2%,18.1%,5.8%,-4.9%,3.8%
Miami Heat,2015-16,NBA,MIA,82,0.5%,3.2%,6.0%,-.012,-9.2%,-7.7%,-.006,6.8%,11.6%,-.021,-2.5%,-7.6%,+.040,-10.2%,4.6%,0.7%,-5.2%,-5.3%,-6.1%,-12.8%,-6.2%,1.2%
Miami Heat,2014-15,NBA,MIA,82,-0.8%,-0.0%,0.7%,-.004,-4.0%,-1.6%,-.009,1.2%,1.7%,-.003,1.2%,4.0%,-.020,0.9%,1.9%,1.7%,-0.2%,-3.1%,40.2%,-11.2%,2.4%,-0.2%
Miami Heat,2013-14,NBA,MIA,82,0.0%,1.4%,-2.4%,+.017,11.2%,7.5%,+.012,-1.2%,-6.0%,+.024,3.4%,5.6%,-.016,-3.8%,2.2%,0.5%,5.8%,2.8%,-2.3%,7.0%,0.1%,2.6%
Miami Heat,2012-13,NBA,MIA,82,23.9%,27.7%,25.9%,+.006,30.3%,35.3%,-.013,27.1%,22.8%,+.016,25.9%,19.1%,+.041,26.7%,24.9%,25.4%,27.6%,18.2%,-6.4%,15.6%,23.4%,27.6%
Miami Heat,2011-12,NBA,MIA,66,-18.9%,-20.4%,-20.4%,+.000,-12.3%,-16.8%,+.019,-22.3%,-21.5%,-.004,-28.3%,-26.4%,-.019,-15.9%,-19.2%,-18.3%,-21.4%,-4.4%,13.8%,2.4%,-24.2%,-21.3%
Miami Heat,2010-11,NBA,MIA,82,-0.5%,2.0%,3.2%,-.005,4.2%,3.5%,+.002,1.5%,3.1%,-.008,-6.6%,-5.3%,-.010,0.9%,-5.4%,-3.8%,6.9%,11.0%,-30.7%,-8.7%,9.1%,0.4%
Miami Heat,2009-10,NBA,MIA,82,-0.4%,-3.7%,-0.1%,-.016,-11.3%,0.8%,-.047,-1.7%,-0.3%,-.007,-2.0%,0.2%,-.017,-4.5%,-2.1%,-2.7%,-6.1%,-2.1%,6.0%,-5.0%,0.4%,-3.9%
Memphis Grizzlies,2020-21,NBA,MEM,72,-0.9%,-0.4%,-3.1%,+.013,-1.7%,-2.1%,+.001,0.2%,-3.8%,+.021,-12.5%,-13.1%,+.006,-6.9%,-0.2%,-1.7%,0.7%,-5.6%,-2.3%,-1.1%,-10.6%,-2.6%
Memphis Grizzlies,2019-20,NBA,MEM,73,-11.6%,-3.9%,-3.6%,-.001,-0.9%,-2.2%,+.005,-5.2%,-4.4%,-.004,-9.8%,-9.6%,-.002,-3.2%,-12.6%,-10.6%,-5.5%,-6.4%,-4.0%,-13.5%,-16.2%,-4.6%
Memphis Grizzlies,2018-19,NBA,MEM,82,0.9%,1.2%,3.8%,-.011,8.8%,11.0%,-.007,-1.8%,-0.3%,-.008,-6.0%,-7.9%,+.015,-0.1%,6.7%,5.1%,5.7%,-5.6%,-4.5%,3.2%,5.0%,0.6%
Memphis Grizzlies,2017-18,NBA,MEM,82,-1.0%,6.4%,1.9%,+.019,7.5%,3.4%,+.014,5.9%,1.1%,+.024,1.8%,-0.3%,+.016,2.8%,0.4%,0.9%,10.4%,15.3%,2.7%,3.3%,-2.0%,5.5%
Memphis Grizzlies,2016-17,NBA,MEM,82,0.4%,-2.8%,0.1%,-.013,2.0%,5.2%,-.011,-4.6%,-2.5%,-.011,2.4%,4.5%,-.015,-8.3%,-0.7%,-2.5%,-8.2%,-0.3%,-12.6%,-11.8%,-1.4%,-1.3%
Memphis Grizzlies,2015-16,NBA,MEM,82,-0.4%,-0.2%,-3.4%,+.014,20.2%,15.7%,+.014,-6.2%,-10.9%,+.025,32.2%,27.6%,+.026,-3.9%,3.6%,1.8%,8.5%,-4.6%,10.6%,5.6%,4.2%,6.6%
Memphis Grizzlies,2014-15,NBA,MEM,82,0.5%,1.0%,2.8%,-.008,7.8%,9.1%,-.004,-0.8%,0.5%,-.006,-5.2%,-2.1%,-.024,6.8%,8.9%,8.3%,1.2%,2.2%,3.4%,8.2%,7.0%,0.5%
Memphis Grizzlies,2013-14,NBA,MEM,82,0.0%,6.4%,3.0%,+.014,22.0%,16.3%,+.017,2.9%,-1.1%,+.019,-2.0%,-4.4%,+.018,-4.3%,1.9%,0.2%,2.1%,-1.5%,-8.9%,-8.4%,-5.5%,6.0%
Memphis Grizzlies,2012-13,NBA,MEM,82,24.2%,20.6%,23.0%,-.009,20.9%,23.2%,-.006,20.6%,22.9%,-.009,13.4%,15.8%,-.016,15.9%,20.7%,19.4%,25.5%,15.8%,24.0%,12.2%,28.9%,19.3%
Memphis Grizzlies,2011-12,NBA,MEM,66,-19.8%,-23.2%,-20.9%,-.013,-29.0%,-24.1%,-.024,-21.8%,-19.9%,-.012,-21.5%,-21.9%,+.003,-19.4%,-18.1%,-18.5%,-26.1%,-15.5%,-28.1%,-17.3%,-27.3%,-23.3%
Memphis Grizzlies,2010-11,NBA,MEM,82,-0.1%,-9.5%,-5.3%,-.021,2.6%,-1.6%,+.015,-12.0%,-6.4%,-.031,5.7%,4.8%,+.006,-0.2%,1.6%,1.1%,-8.1%,-3.5%,0.8%,17.3%,-4.7%,-6.2%
Memphis Grizzlies,2009-10,NBA,MEM,82,0.5%,8.6%,7.4%,+.005,6.7%,7.2%,-.001,9.0%,7.5%,+.007,-10.9%,-9.1%,-.016,7.7%,-3.4%,-0.5%,8.1%,0.5%,13.1%,-2.4%,3.0%,4.7%
Los Angeles Lakers,2020-21,NBA,LAL,72,2.1%,3.2%,0.5%,+.012,-1.1%,-2.2%,+.004,5.0%,2.3%,+.014,-9.9%,-9.3%,-.005,-5.1%,2.5%,0.8%,6.9%,1.4%,24.3%,-3.1%,-0.9%,0.6%
Los Angeles Lakers,2019-20,NBA,LAL,71,-13.6%,-19.3%,-18.7%,-.004,-14.8%,-14.8%,-.000,-21.1%,-21.0%,-.001,-13.0%,-12.7%,-.003,-27.7%,-20.0%,-21.9%,-19.0%,-14.3%,-37.5%,-3.2%,-9.5%,-17.9%
Los Angeles Lakers,2018-19,NBA,LAL,82,-0.6%,2.1%,3.2%,-.005,13.6%,12.8%,+.002,-1.8%,-1.6%,-.001,4.1%,1.0%,+.023,10.0%,2.9%,4.5%,6.3%,0.1%,-5.8%,-0.3%,1.6%,3.5%
Los Angeles Lakers,2017-18,NBA,LAL,82,1.0%,-1.1%,4.6%,-.026,3.0%,10.0%,-.023,-2.5%,2.0%,-.024,-6.5%,-6.3%,-.002,-0.4%,1.2%,0.9%,-8.4%,-2.3%,1.6%,-1.5%,10.5%,-1.6%
Los Angeles Lakers,2016-17,NBA,LAL,82,-0.1%,2.5%,0.4%,+.010,18.6%,11.4%,+.022,-1.8%,-4.0%,+.012,5.6%,1.2%,+.031,-6.0%,-3.9%,-4.4%,4.4%,13.1%,-3.9%,14.6%,-3.4%,4.3%
Los Angeles Lakers,2015-16,NBA,LAL,82,-1.0%,4.5%,3.0%,+.007,0.4%,4.9%,-.016,5.6%,2.3%,+.017,-10.0%,-8.3%,-.013,8.9%,4.2%,5.3%,2.8%,1.0%,15.7%,-2.9%,-1.0%,1.5%
Los Angeles Lakers,2014-15,NBA,LAL,82,1.1%,-7.6%,-7.3%,-.002,4.7%,4.2%,+.001,-10.5%,-11.1%,+.003,11.7%,9.1%,+.017,-22.8%,-5.2%,-9.9%,-6.9%,-22.7%,2.3%,-8.2%,0.6%,-3.6%
Los Angeles Lakers,2013-14,NBA,LAL,82,-0.3%,5.7%,2.4%,+.015,8.6%,7.3%,+.005,5.1%,0.8%,+.020,21.0%,21.8%,-.005,12.8%,15.6%,14.9%,10.1%,13.5%,-2.3%,9.7%,-16.4%,8.1%
Los Angeles Lakers,2012-13,NBA,LAL,82,23.0%,30.5%,25.9%,+.016,38.4%,34.9%,+.009,28.8%,23.3%,+.021,29.5%,31.2%,-.009,24.9%,31.1%,29.4%,32.6%,25.2%,31.1%,42.4%,42.0%,30.9%
Los Angeles Lakers,2011-12,NBA,LAL,66,-19.0%,-17.2%,-17.2%,+.000,-20.6%,-23.6%,+.013,-16.4%,-15.2%,-.007,-27.7%,-25.4%,-.024,-24.4%,-18.9%,-20.5%,-20.9%,-5.0%,-18.8%,-33.2%,-21.6%,-19.1%
Los Angeles Lakers,2010-11,NBA,LAL,82,0.0%,-1.4%,0.7%,-.009,7.3%,5.2%,+.006,-3.2%,-0.7%,-.012,-6.5%,-8.3%,+.015,9.6%,-5.8%,-1.7%,2.0%,2.1%,2.5%,-3.7%,-2.1%,-1.7%
Los Angeles Lakers,2009-10,NBA,LAL,82,0.3%,0.0%,0.2%,-.001,-11.3%,-6.8%,-.017,2.7%,2.5%,+.001,-8.4%,-8.0%,-.003,-4.7%,4.3%,1.8%,-3.3%,-9.8%,-7.4%,-9.1%,-4.4%,-2.3%
Los Angeles Clippers,2020-21,NBA,LAC,72,-0.6%,1.4%,-4.2%,+.026,-6.0%,-8.8%,+.011,4.8%,-1.2%,+.030,-13.3%,-15.7%,+.021,-14.5%,-7.4%,-9.1%,-3.5%,-5.6%,-10.1%,-8.7%,-20.9%,-1.9%
Los Angeles Clippers,2019-20,NBA,LAC,72,-12.4%,-16.9%,-13.3%,-.019,4.4%,3.6%,+.003,-23.9%,-21.6%,-.014,-20.4%,-18.2%,-.021,-16.6%,-11.9%,-13.0%,-13.5%,-20.2%,-32.1%,-6.3%,-16.4%,-15.6%
Los Angeles Clippers,2018-19,NBA,LAC,82,0.6%,3.8%,4.1%,-.001,-3.6%,0.0%,-.013,6.5%,6.3%,+.001,15.1%,15.8%,-.005,6.2%,4.4%,4.9%,-1.9%,-3.1%,7.8%,-6.3%,9.2%,4.9%
Los Angeles Clippers,2017-18,NBA,LAC,82,-0.3%,4.3%,2.8%,+.007,17.0%,15.0%,+.006,0.3%,-2.6%,+.015,-1.6%,-2.8%,+.010,4.1%,0.2%,1.1%,6.6%,21.1%,79.1%,6.5%,-1.7%,4.4%
Los Angeles Clippers,2016-17,NBA,LAC,82,-0.4%,4.9%,0.8%,+.018,16.7%,12.8%,+.012,1.7%,-3.8%,+.027,-4.1%,-6.7%,+.021,-13.5%,-5.6%,-7.6%,8.7%,-1.0%,-0.4%,-14.0%,-0.4%,4.1%
Los Angeles Clippers,2015-16,NBA,LAC,82,0.5%,1.0%,3.0%,-.008,-5.6%,-2.6%,-.011,3.0%,5.2%,-.010,-1.1%,-2.4%,+.010,11.5%,8.0%,8.9%,-8.6%,6.4%,5.7%,7.6%,4.3%,0.1%
Los Angeles Clippers,2014-15,NBA,LAC,82,-0.1%,-2.7%,-3.1%,+.001,14.8%,9.4%,+.016,-7.0%,-7.4%,+.002,0.8%,2.7%,-.014,-14.1%,2.9%,-1.9%,-0.2%,-3.9%,-13.7%,-7.1%,-8.0%,-0.8%
Los Angeles Clippers,2013-14,NBA,LAC,82,0.1%,8.3%,8.8%,-.002,-5.1%,6.5%,-.041,12.1%,9.6%,+.011,5.6%,4.8%,+.006,13.5%,11.2%,11.9%,5.3%,-5.9%,-15.2%,-4.4%,12.1%,6.7%
Los Angeles Clippers,2012-13,NBA,LAC,82,23.6%,24.4%,25.5%,-.004,36.3%,33.4%,+.008,21.3%,22.9%,-.006,17.1%,16.6%,+.003,25.1%,21.0%,22.1%,32.5%,53.0%,13.2%,36.5%,22.2%,23.8%
Los Angeles Clippers,2011-12,NBA,LAC,66,-19.6%,-25.2%,-23.8%,-.008,-21.2%,-21.1%,-.001,-26.1%,-24.6%,-.010,-25.1%,-22.6%,-.025,-22.1%,-20.6%,-21.0%,-25.1%,-39.9%,-26.7%,-14.1%,-22.6%,-24.9%
Los Angeles Clippers,2010-11,NBA,LAC,82,0.8%,-4.6%,-1.5%,-.015,10.4%,9.7%,+.002,-7.6%,-4.6%,-.016,14.8%,13.5%,+.009,4.0%,-3.2%,-1.3%,-5.1%,-3.9%,11.3%,6.2%,14.0%,-0.3%
Los Angeles Clippers,2009-10,NBA,LAC,82,-0.9%,-0.8%,-0.2%,-.003,-1.3%,1.8%,-.011,-0.7%,-0.7%,+.000,-5.9%,-6.1%,+.002,-8.6%,-6.1%,-6.8%,-1.3%,5.2%,-12.3%,-3.1%,-1.3%,-1.7%
Indiana Pacers,2020-21,NBA,IND,72,-0.9%,6.7%,1.8%,+.021,-1.1%,-7.7%,+.025,9.9%,7.7%,+.010,6.6%,7.5%,-.006,7.4%,0.4%,2.0%,11.3%,6.2%,13.7%,-0.5%,-4.9%,5.9%
Indiana Pacers,2019-20,NBA,IND,73,-10.6%,-9.3%,-8.5%,-.004,-10.2%,-6.8%,-.013,-8.9%,-9.5%,+.004,-4.2%,-8.2%,+.033,-12.2%,-6.4%,-7.8%,-16.0%,-17.1%,-21.2%,-16.6%,-16.4%,-8.6%
Indiana Pacers,2018-19,NBA,IND,82,-0.3%,-1.6%,1.5%,-.014,7.1%,5.5%,+.005,-4.9%,-0.7%,-.022,7.0%,7.2%,-.002,2.9%,1.2%,1.6%,5.3%,5.4%,-0.7%,1.0%,8.5%,0.5%
Indiana Pacers,2017-18,NBA,IND,82,-0.5%,3.7%,0.6%,+.014,2.5%,4.5%,-.007,4.1%,-1.4%,+.028,-22.1%,-18.8%,-.032,-4.7%,-2.4%,-2.9%,4.0%,-12.7%,5.2%,3.8%,-5.3%,-1.1%
Indiana Pacers,2016-17,NBA,IND,82,-0.1%,1.6%,-0.8%,+.011,25.0%,17.4%,+.022,-5.0%,-8.3%,+.017,9.0%,3.8%,+.038,0.2%,-0.8%,-0.6%,7.3%,4.3%,11.2%,-5.6%,-4.6%,4.8%
Indiana Pacers,2015-16,NBA,IND,82,0.1%,3.9%,2.6%,+.006,14.9%,18.8%,-.011,1.2%,-2.8%,+.019,-2.8%,-2.6%,-.002,9.6%,2.6%,4.2%,4.5%,2.8%,-5.2%,24.1%,-4.4%,3.5%
Indiana Pacers,2014-15,NBA,IND,82,0.4%,3.5%,-0.0%,+.015,9.9%,9.7%,+.000,2.0%,-2.9%,+.022,10.1%,10.4%,-.002,-6.4%,7.3%,3.8%,7.1%,4.0%,2.1%,-6.7%,-2.2%,5.1%
Indiana Pacers,2013-14,NBA,IND,82,1.0%,1.9%,1.9%,-.000,22.3%,16.1%,+.017,-1.9%,-1.7%,-.001,1.5%,2.3%,-.006,-5.9%,5.0%,2.0%,-1.9%,-2.9%,-17.6%,2.2%,0.9%,3.0%
Indiana Pacers,2012-13,NBA,IND,81,22.5%,21.3%,25.5%,-.014,-0.5%,6.8%,-.024,26.5%,31.3%,-.017,11.5%,6.9%,+.031,14.5%,20.2%,18.6%,20.4%,41.1%,15.3%,11.3%,24.4%,17.9%
Indiana Pacers,2011-12,NBA,IND,66,-19.2%,-24.9%,-22.4%,-.015,-13.5%,-11.5%,-.008,-27.2%,-25.3%,-.012,-27.1%,-25.0%,-.021,-14.7%,-23.7%,-21.3%,-22.6%,-29.6%,-14.8%,-13.8%,-18.8%,-24.7%
Indiana Pacers,2010-11,NBA,IND,82,0.4%,-1.3%,-0.6%,-.004,0.2%,1.3%,-.004,-1.7%,-1.0%,-.003,-8.8%,-8.1%,-.006,-3.9%,-8.2%,-7.1%,-1.4%,-6.0%,12.8%,-6.8%,2.9%,-2.8%
Indiana Pacers,2009-10,NBA,IND,82,-0.6%,-0.9%,0.2%,-.005,-10.4%,-7.5%,-.012,1.2%,2.4%,-.006,-4.5%,-3.5%,-.008,6.6%,5.3%,5.6%,-2.1%,3.0%,-6.8%,6.6%,1.0%,-2.3%
Houston Rockets,2020-21,NBA,HOU,72,-0.4%,1.0%,-2.7%,+.018,9.8%,0.4%,+.033,-2.6%,-4.6%,+.011,-1.0%,-3.8%,+.022,-11.2%,2.6%,-0.6%,2.0%,5.7%,6.8%,-9.3%,-8.4%,1.6%
Houston Rockets,2019-20,NBA,HOU,72,-12.4%,-8.1%,-7.3%,-.004,5.9%,3.2%,+.009,-12.8%,-12.8%,-.000,-13.0%,-12.2%,-.007,-10.7%,-6.4%,-7.4%,-5.7%,-4.8%,-4.1%,-5.6%,-7.6%,-7.6%
Houston Rockets,2018-19,NBA,HOU,82,0.4%,2.1%,1.3%,+.004,0.2%,3.3%,-.011,2.8%,0.2%,+.013,24.3%,20.7%,+.022,26.6%,3.2%,8.0%,5.0%,-0.3%,1.7%,3.2%,-1.8%,5.1%
Houston Rockets,2017-18,NBA,HOU,82,-0.1%,-3.9%,-3.7%,-.001,1.1%,-1.0%,+.007,-5.5%,-5.0%,-.003,-15.1%,-11.5%,-.032,-19.1%,0.1%,-4.6%,-7.2%,-12.6%,-11.2%,-3.3%,-0.2%,-5.2%
Houston Rockets,2016-17,NBA,HOU,82,-0.3%,5.5%,4.4%,+.005,3.0%,8.3%,-.018,6.3%,2.6%,+.018,-7.2%,-9.9%,+.022,-9.5%,1.7%,-1.3%,-1.8%,-5.0%,1.2%,-9.2%,-9.4%,3.0%
Houston Rockets,2015-16,NBA,HOU,82,0.1%,3.5%,-0.1%,+.016,31.6%,17.3%,+.039,-3.3%,-6.5%,+.016,5.1%,4.5%,+.005,-0.3%,2.6%,1.8%,15.0%,1.1%,-7.6%,1.3%,6.8%,5.8%
Houston Rockets,2014-15,NBA,HOU,82,-0.1%,-3.3%,-3.3%,-.000,-9.2%,-0.4%,-.031,-1.7%,-4.3%,+.013,4.0%,4.8%,-.005,-0.4%,7.5%,5.2%,-3.8%,3.1%,-5.0%,16.8%,-13.2%,-2.5%
Houston Rockets,2013-14,NBA,HOU,82,0.3%,0.4%,3.0%,-.011,0.8%,5.1%,-.015,0.3%,2.3%,-.009,1.5%,4.1%,-.019,11.5%,-3.9%,0.0%,-2.0%,1.6%,-7.6%,-5.0%,19.1%,0.6%
Houston Rockets,2012-13,NBA,HOU,82,23.1%,28.7%,29.1%,-.001,79.1%,58.3%,+.043,19.9%,21.4%,-.006,20.3%,18.9%,+.009,20.2%,25.3%,23.9%,40.7%,40.0%,46.5%,24.5%,37.8%,30.1%
Houston Rockets,2011-12,NBA,HOU,66,-19.2%,-24.2%,-22.2%,-.012,-17.6%,-9.1%,-.034,-25.3%,-25.1%,-.001,-25.2%,-23.7%,-.015,-23.7%,-20.6%,-21.4%,-22.6%,-15.8%,-24.3%,-13.6%,-30.7%,-24.1%
Houston Rockets,2010-11,NBA,HOU,82,-0.1%,0.9%,2.5%,-.007,-8.4%,-7.0%,-.005,2.6%,4.8%,-.011,4.2%,1.9%,+.017,9.1%,-3.0%,0.0%,-0.5%,-1.5%,-15.6%,-6.8%,-4.7%,1.0%
Houston Rockets,2009-10,NBA,HOU,82,0.5%,8.2%,1.1%,+.031,5.4%,3.5%,+.006,8.7%,0.5%,+.038,13.0%,10.8%,+.015,0.2%,9.7%,7.2%,5.9%,1.5%,22.3%,19.3%,8.9%,8.8%
Golden State Warriors,2020-21,NBA,GSW,72,10.0%,5.6%,11.2%,-.024,1.4%,9.7%,-.030,7.6%,12.2%,-.022,28.1%,29.0%,-.005,16.3%,11.7%,12.7%,0.8%,5.8%,-2.8%,6.6%,7.5%,8.5%
Golden State Warriors,2019-20,NBA,GSW,65,-20.6%,-17.3%,-22.9%,+.032,-8.0%,-17.9%,+.042,-21.0%,-25.8%,+.033,-27.5%,-28.4%,+.010,-25.4%,-14.2%,-16.9%,-14.6%,-14.9%,8.8%,-8.1%,-18.3%,-18.0%
Golden State Warriors,2018-19,NBA,GSW,82,0.4%,0.6%,1.2%,-.003,12.0%,15.1%,-.010,-3.4%,-5.4%,+.010,12.1%,10.0%,+.015,-0.8%,6.1%,4.3%,2.8%,-12.1%,-2.0%,-6.0%,5.6%,3.5%
Golden State Warriors,2017-18,NBA,GSW,82,-0.3%,3.6%,0.9%,+.012,15.7%,5.1%,+.033,-0.0%,-0.9%,+.004,-5.6%,-5.1%,-.004,-7.3%,-0.5%,-2.3%,3.9%,1.7%,-3.8%,-7.6%,-4.5%,3.1%
Golden State Warriors,2016-17,NBA,GSW,82,-0.5%,-0.2%,-0.3%,+.000,15.2%,18.1%,-.008,-4.1%,-6.8%,+.014,-4.8%,-5.4%,+.005,2.8%,-2.2%,-0.9%,2.1%,-0.7%,-6.8%,7.3%,-2.4%,0.1%
Golden State Warriors,2015-16,NBA,GSW,82,0.8%,5.2%,3.5%,+.007,8.1%,9.7%,-.005,4.5%,1.4%,+.014,-0.7%,0.1%,-.006,-2.7%,-1.0%,-1.5%,6.1%,4.4%,14.7%,-10.8%,5.6%,4.3%
Golden State Warriors,2014-15,NBA,GSW,82,-0.5%,0.4%,2.4%,-.008,4.0%,6.1%,-.007,-0.4%,1.2%,-.008,-0.9%,-0.6%,-.002,9.7%,0.7%,2.9%,2.1%,4.8%,-14.3%,7.9%,-2.7%,0.4%
Golden State Warriors,2013-14,NBA,GSW,82,0.1%,-1.0%,-0.5%,-.002,-13.4%,-12.7%,-.003,2.3%,4.1%,-.008,5.7%,3.3%,+.017,-3.2%,2.9%,1.3%,-12.8%,-3.1%,-14.3%,11.0%,0.8%,-0.8%
Golden State Warriors,2012-13,NBA,GSW,82,24.4%,24.0%,28.0%,-.014,40.4%,48.0%,-.019,20.1%,21.9%,-.007,13.7%,13.5%,+.001,4.4%,20.4%,15.8%,26.5%,34.3%,21.6%,13.5%,43.5%,23.1%
Golden State Warriors,2011-12,NBA,GSW,66,-19.7%,-22.4%,-20.0%,-.014,-17.5%,-19.2%,+.008,-23.5%,-20.2%,-.021,-26.6%,-23.7%,-.029,-17.3%,-17.8%,-17.6%,-24.7%,-25.7%,-6.8%,-26.1%,-27.6%,-23.0%
Golden State Warriors,2010-11,NBA,GSW,82,0.5%,-6.9%,-3.5%,-.017,0.0%,4.8%,-.017,-8.3%,-5.7%,-.014,-4.2%,-5.4%,+.009,-4.5%,-7.7%,-6.8%,2.5%,4.2%,-13.5%,-8.2%,-13.9%,-6.0%
Golden State Warriors,2009-10,NBA,GSW,82,-0.8%,0.2%,-3.3%,+.017,-2.6%,-1.1%,-.006,0.8%,-3.9%,+.024,0.2%,1.9%,-.013,-5.6%,5.5%,2.1%,-0.1%,-0.3%,-1.7%,17.3%,-8.8%,0.1%
Detroit Pistons,2020-21,NBA,DET,72,9.2%,7.7%,8.6%,-.004,15.9%,15.8%,+.000,4.8%,4.9%,-.000,13.9%,16.5%,-.018,7.3%,12.3%,11.1%,9.8%,6.4%,13.6%,8.8%,12.3%,9.4%
Detroit Pistons,2019-20,NBA,DET,66,-19.6%,-15.4%,-17.3%,+.011,-10.3%,-14.3%,+.016,-17.0%,-18.7%,+.011,-27.1%,-29.2%,+.022,-10.6%,-22.2%,-19.8%,-16.2%,-4.1%,-11.9%,-19.9%,-25.2%,-16.9%
Detroit Pistons,2018-19,NBA,DET,82,0.3%,2.0%,-0.3%,+.011,-13.4%,-9.9%,-.014,8.1%,5.2%,+.015,22.4%,25.8%,-.021,-1.2%,0.0%,-0.2%,-6.0%,-5.2%,5.3%,-5.1%,15.7%,3.3%
Detroit Pistons,2017-18,NBA,DET,82,0.0%,2.0%,2.3%,-.002,18.4%,20.4%,-.006,-3.3%,-5.7%,+.013,-10.8%,-10.3%,-.004,15.2%,-1.0%,2.0%,7.0%,8.3%,17.4%,16.2%,5.4%,1.4%
Detroit Pistons,2016-17,NBA,DET,82,-0.4%,-1.2%,-1.1%,-.001,28.7%,25.0%,+.011,-8.1%,-9.4%,+.007,-0.4%,0.0%,-.003,-9.5%,3.5%,0.8%,9.2%,-5.5%,-7.4%,-4.8%,-19.1%,1.1%
Detroit Pistons,2015-16,NBA,DET,82,0.3%,2.4%,1.3%,+.005,-6.1%,-6.1%,+.000,4.7%,3.9%,+.004,3.0%,1.6%,+.011,-17.3%,0.8%,-3.6%,-9.4%,1.9%,-6.4%,-4.1%,11.9%,1.9%
Detroit Pistons,2014-15,NBA,DET,82,0.3%,-3.2%,-0.0%,-.015,-7.0%,-4.4%,-.010,-2.1%,1.6%,-.019,-11.8%,-13.6%,+.016,-3.9%,4.9%,2.6%,-2.6%,-14.6%,-3.0%,-6.8%,-6.8%,-5.0%
Detroit Pistons,2013-14,NBA,DET,82,-0.1%,5.0%,2.5%,+.011,13.1%,11.7%,+.004,3.0%,-0.6%,+.018,7.1%,7.9%,-.006,0.2%,3.9%,2.9%,8.9%,-3.0%,-14.6%,9.2%,4.2%,5.9%
Detroit Pistons,2012-13,NBA,DET,82,24.1%,28.5%,29.3%,-.003,52.9%,50.4%,+.006,23.7%,23.5%,+.001,19.5%,20.1%,-.004,29.6%,26.6%,27.4%,23.7%,22.7%,35.6%,17.4%,27.0%,28.4%
Detroit Pistons,2011-12,NBA,DET,66,-19.7%,-23.5%,-19.6%,-.024,-24.5%,-23.8%,-.003,-23.3%,-18.4%,-.032,-22.7%,-22.6%,-.001,-18.8%,-19.6%,-19.4%,-22.3%,-0.9%,-8.7%,-17.3%,-17.0%,-23.4%
Detroit Pistons,2010-11,NBA,DET,82,0.5%,4.9%,3.8%,+.005,-7.9%,-3.5%,-.017,7.9%,6.1%,+.009,-7.8%,-7.6%,-.001,6.4%,2.1%,3.2%,0.6%,3.5%,-5.0%,-1.2%,-9.2%,1.5%
Detroit Pistons,2009-10,NBA,DET,82,-0.6%,3.1%,-3.3%,+.030,30.6%,23.3%,+.021,-1.8%,-9.6%,+.041,3.2%,4.2%,-.007,-5.5%,-1.3%,-2.4%,15.0%,19.1%,17.3%,21.8%,5.6%,4.6%
Denver Nuggets,2020-21,NBA,DEN,72,-1.5%,-1.2%,-2.6%,+.006,5.5%,3.9%,+.006,-4.2%,-6.7%,+.015,-1.4%,-3.3%,+.014,-11.4%,-2.7%,-4.7%,0.6%,2.9%,0.3%,-2.6%,-7.7%,-0.5%
Denver Nuggets,2019-20,NBA,DEN,73,-10.1%,-10.1%,-10.9%,+.004,-0.2%,-5.5%,+.019,-13.8%,-14.1%,+.002,-9.1%,-9.8%,+.006,-7.9%,-11.5%,-10.6%,-8.1%,-13.9%,-20.4%,-6.1%,-10.8%,-8.9%
Denver Nuggets,2018-19,NBA,DEN,82,-0.8%,-4.1%,-0.4%,-.018,-0.7%,10.7%,-.039,-5.4%,-6.0%,+.003,11.2%,9.0%,+.015,-0.1%,2.8%,2.1%,-0.6%,-6.7%,4.1%,-1.9%,-1.4%,-1.7%
Denver Nuggets,2017-18,NBA,DEN,82,0.6%,-2.0%,-1.9%,-.001,10.5%,9.8%,+.002,-5.8%,-6.8%,+.006,-12.0%,-6.9%,-.044,3.9%,1.4%,2.0%,2.8%,-4.0%,-3.2%,15.2%,2.8%,-2.4%
Denver Nuggets,2016-17,NBA,DEN,82,-0.4%,8.5%,5.0%,+.016,7.2%,5.9%,+.004,9.0%,4.6%,+.021,-5.9%,-8.4%,+.021,-3.6%,-4.6%,-4.4%,2.5%,3.2%,-21.9%,-12.5%,-3.4%,5.9%
Denver Nuggets,2015-16,NBA,DEN,82,-0.3%,0.6%,-0.1%,+.003,19.5%,11.5%,+.025,-4.1%,-4.2%,+.000,-9.7%,-11.3%,+.013,-11.1%,-3.5%,-5.4%,1.6%,8.0%,2.6%,-4.7%,0.8%,-0.0%
Denver Nuggets,2014-15,NBA,DEN,82,0.6%,-2.3%,-2.5%,+.001,4.3%,5.7%,-.005,-3.8%,-5.1%,+.007,-0.1%,1.8%,-.015,-3.3%,5.0%,2.8%,2.8%,-12.0%,9.8%,-0.1%,-4.5%,-1.4%
Denver Nuggets,2013-14,NBA,DEN,82,-0.8%,3.7%,0.9%,+.013,-11.9%,-9.0%,-.012,8.2%,4.5%,+.017,21.8%,16.7%,+.032,-8.8%,11.5%,5.4%,-4.8%,5.5%,-17.1%,-9.7%,0.2%,5.4%
Denver Nuggets,2012-13,NBA,DEN,82,24.1%,22.8%,26.1%,-.012,20.3%,27.2%,-.021,23.6%,25.8%,-.008,32.0%,37.0%,-.028,39.7%,24.0%,28.3%,26.7%,25.6%,26.2%,26.9%,22.2%,24.0%
Denver Nuggets,2011-12,NBA,DEN,66,-18.6%,-19.4%,-19.0%,-.002,-0.9%,-11.1%,+.040,-23.6%,-21.6%,-.013,-33.1%,-33.4%,+.003,-15.5%,-23.6%,-21.6%,-16.0%,-14.2%,-10.0%,-8.8%,-22.1%,-20.7%
Denver Nuggets,2010-11,NBA,DEN,82,-0.4%,2.1%,1.6%,+.002,10.1%,11.8%,-.005,0.5%,-1.3%,+.009,-9.2%,-7.7%,-.012,-9.5%,0.5%,-2.3%,5.6%,5.7%,11.4%,-8.7%,-4.1%,0.3%
Denver Nuggets,2009-10,NBA,DEN,82,0.3%,4.1%,0.4%,+.016,-13.0%,-8.8%,-.017,8.5%,3.4%,+.023,-2.7%,-0.9%,-.014,-3.6%,5.1%,2.5%,-1.9%,-10.8%,-2.0%,-2.4%,-0.1%,1.4%
Dallas Mavericks,2020-21,NBA,DAL,72,-4.8%,-8.2%,-8.7%,+.003,0.7%,-3.0%,+.013,-11.9%,-12.3%,+.002,3.2%,2.7%,+.003,-10.0%,-6.3%,-7.1%,-9.1%,0.4%,-15.1%,1.3%,-9.7%,-5.6%
Dallas Mavericks,2019-20,NBA,DAL,75,-8.1%,-6.4%,-6.1%,-.001,0.1%,-1.9%,+.007,-8.8%,-8.5%,-.002,-14.3%,-12.4%,-.016,-6.5%,-7.6%,-7.3%,-10.8%,-18.4%,-15.5%,-15.9%,-16.0%,-6.9%
Dallas Mavericks,2018-19,NBA,DAL,82,-0.1%,4.3%,6.5%,-.010,5.0%,10.6%,-.018,4.0%,4.2%,-.001,5.5%,2.7%,+.020,15.3%,-6.2%,-2.0%,4.3%,8.2%,-0.3%,-5.5%,18.8%,4.5%
Dallas Mavericks,2017-18,NBA,DAL,82,0.1%,6.1%,6.1%,-.000,10.9%,16.2%,-.017,4.4%,1.3%,+.016,-6.0%,-4.0%,-.016,-0.3%,3.6%,2.8%,10.7%,11.0%,31.8%,-8.0%,0.8%,4.5%
Dallas Mavericks,2016-17,NBA,DAL,82,-1.1%,-3.5%,-7.1%,+.018,6.1%,-4.4%,+.038,-6.4%,-8.3%,+.010,2.1%,-2.5%,+.034,-16.2%,1.2%,-2.8%,-3.2%,-13.3%,-22.9%,7.3%,-9.4%,-1.7%
Dallas Mavericks,2015-16,NBA,DAL,82,0.6%,0.9%,0.6%,+.001,0.3%,6.7%,-.022,1.1%,-1.9%,+.015,-2.3%,-0.3%,-.015,-13.7%,3.9%,-0.8%,-1.6%,2.5%,15.6%,-14.7%,-3.2%,0.3%
Dallas Mavericks,2014-15,NBA,DAL,82,0.3%,0.7%,3.9%,-.014,9.3%,7.7%,+.005,-1.7%,2.3%,-.020,-7.5%,-6.9%,-.005,6.7%,8.1%,7.7%,1.2%,-5.2%,9.0%,2.1%,11.2%,-0.1%
Dallas Mavericks,2013-14,NBA,DAL,82,-0.8%,0.9%,-3.1%,+.019,5.6%,5.5%,+.000,-0.3%,-6.2%,+.030,-2.3%,-2.9%,+.005,-4.3%,-6.6%,-6.0%,0.2%,-9.0%,-15.3%,9.2%,5.6%,0.7%
Dallas Mavericks,2012-13,NBA,DAL,82,24.4%,30.7%,27.8%,+.010,35.7%,30.8%,+.013,29.4%,26.8%,+.009,43.4%,42.8%,+.003,35.9%,26.6%,29.0%,33.6%,24.4%,28.3%,23.8%,27.5%,33.3%
Dallas Mavericks,2011-12,NBA,DAL,66,-18.5%,-21.7%,-19.0%,-.015,-6.9%,-7.6%,+.003,-24.7%,-22.3%,-.015,-20.5%,-20.4%,-.000,-17.6%,-11.6%,-13.2%,-20.0%,-10.0%,-12.5%,-12.8%,-26.5%,-20.5%
Dallas Mavericks,2010-11,NBA,DAL,82,-0.9%,-3.6%,-2.2%,-.006,-3.2%,-2.3%,-.003,-3.6%,-2.2%,-.007,-2.1%,-1.0%,-.008,-4.6%,-5.1%,-5.0%,1.8%,10.7%,-10.1%,-6.8%,-0.1%,-3.3%
Dallas Mavericks,2009-10,NBA,DAL,82,0.4%,1.2%,0.8%,+.002,1.5%,9.9%,-.028,1.1%,-1.5%,+.013,-7.9%,-3.0%,-.040,4.3%,3.3%,3.6%,3.0%,-4.4%,0.9%,12.3%,0.4%,-0.5%
Cleveland Cavaliers,2020-21,NBA,CLE,72,10.8%,6.1%,7.5%,-.006,11.1%,8.9%,+.007,4.1%,6.6%,-.013,19.7%,17.9%,+.012,12.5%,13.1%,13.0%,7.6%,0.0%,3.2%,22.4%,13.6%,8.4%
Cleveland Cavaliers,2019-20,NBA,CLE,65,-20.4%,-19.4%,-18.7%,-.004,-18.3%,-17.3%,-.005,-19.9%,-19.5%,-.002,-26.1%,-25.9%,-.003,-19.1%,-24.0%,-22.9%,-19.4%,7.9%,-10.2%,-17.4%,-19.8%,-20.2%
Cleveland Cavaliers,2018-19,NBA,CLE,82,0.1%,3.2%,-1.2%,+.021,2.9%,-0.2%,+.012,3.3%,-1.8%,+.028,7.8%,5.8%,+.014,-3.7%,2.5%,1.1%,-0.7%,-7.3%,35.0%,-7.5%,-6.1%,3.8%
Cleveland Cavaliers,2017-18,NBA,CLE,82,-0.8%,2.9%,-0.6%,+.016,12.5%,10.3%,+.007,-0.4%,-5.9%,+.029,-5.6%,-3.4%,-.017,-10.0%,1.5%,-1.3%,4.8%,2.5%,-2.6%,7.0%,0.4%,2.6%
Cleveland Cavaliers,2016-17,NBA,CLE,82,0.1%,10.4%,8.1%,+.009,31.4%,26.4%,+.014,4.7%,1.2%,+.017,-7.8%,-11.4%,+.030,18.7%,4.6%,7.8%,15.3%,1.4%,-3.6%,-5.4%,0.0%,9.0%
Cleveland Cavaliers,2015-16,NBA,CLE,82,0.4%,-3.3%,-1.7%,-.007,2.1%,0.8%,+.004,-4.6%,-2.6%,-.011,13.5%,13.9%,-.002,-14.1%,4.7%,-0.2%,-11.0%,-8.1%,-1.6%,0.0%,0.3%,-0.3%
Cleveland Cavaliers,2014-15,NBA,CLE,82,-0.8%,0.8%,0.0%,+.003,-17.1%,-11.3%,-.024,6.6%,5.0%,+.008,-11.1%,-9.7%,-.012,5.2%,-6.1%,-3.4%,-3.1%,9.4%,-20.2%,-4.5%,5.4%,-2.8%
Cleveland Cavaliers,2013-14,NBA,CLE,82,1.0%,-0.4%,4.9%,-.024,25.4%,27.1%,-.005,-6.7%,-2.5%,-.022,-7.1%,-9.3%,+.018,-5.4%,3.3%,1.1%,3.8%,-5.9%,-17.7%,-8.4%,-1.0%,0.3%
Cleveland Cavaliers,2012-13,NBA,CLE,82,23.6%,22.6%,20.2%,+.009,36.2%,32.6%,+.010,19.7%,16.5%,+.014,34.2%,35.7%,-.009,18.2%,23.6%,22.2%,28.6%,19.1%,36.9%,36.2%,16.9%,25.4%
Cleveland Cavaliers,2011-12,NBA,CLE,66,-19.2%,-21.5%,-20.2%,-.008,-32.5%,-23.4%,-.049,-18.7%,-19.2%,+.003,-23.9%,-22.7%,-.011,-15.9%,-22.5%,-20.9%,-23.0%,-15.3%,-16.4%,-17.5%,-21.0%,-22.8%
Cleveland Cavaliers,2010-11,NBA,CLE,82,-0.1%,10.1%,2.6%,+.033,26.7%,6.8%,+.065,6.5%,1.3%,+.024,-0.4%,-0.7%,+.002,12.6%,13.1%,13.0%,19.4%,14.2%,50.5%,6.3%,2.3%,9.3%
Cleveland Cavaliers,2009-10,NBA,CLE,82,0.0%,5.8%,2.9%,+.012,8.7%,4.4%,+.014,5.1%,2.5%,+.012,-1.0%,0.6%,-.013,-9.6%,2.4%,-0.9%,5.9%,4.4%,-3.8%,-8.1%,2.6%,4.6%
Chicago Bulls,2020-21,NBA,CHI,72,10.9%,16.2%,17.7%,-.006,14.2%,13.2%,+.003,16.9%,20.5%,-.016,-3.5%,-5.4%,+.015,-5.5%,4.8%,2.5%,5.1%,15.8%,-5.2%,-22.7%,2.5%,12.4%
Chicago Bulls,2019-20,NBA,CHI,65,-21.3%,-25.9%,-26.7%,+.005,-26.7%,-24.1%,-.013,-25.5%,-28.2%,+.020,-6.8%,-6.3%,-.004,-19.9%,-23.0%,-22.3%,-21.1%,-11.7%,-18.8%,8.7%,-18.8%,-23.1%
Chicago Bulls,2018-19,NBA,CHI,82,0.3%,3.1%,2.8%,+.001,0.0%,1.2%,-.004,4.4%,3.8%,+.003,5.4%,8.7%,-.024,19.2%,-2.3%,1.7%,-1.4%,2.0%,11.8%,-1.8%,7.6%,3.1%
Chicago Bulls,2017-18,NBA,CHI,82,0.4%,3.8%,0.2%,+.016,35.4%,26.3%,+.025,-5.4%,-10.9%,+.031,9.2%,6.8%,+.018,-18.0%,13.2%,5.7%,9.5%,-2.3%,11.9%,1.1%,-7.5%,7.3%
Chicago Bulls,2016-17,NBA,CHI,82,-0.6%,0.1%,-3.2%,+.015,12.3%,12.5%,-.001,-3.0%,-8.6%,+.029,-10.5%,-14.2%,+.032,-13.0%,-3.6%,-6.0%,4.9%,-8.1%,-18.7%,12.9%,0.4%,-0.7%
Chicago Bulls,2015-16,NBA,CHI,82,0.1%,4.5%,3.2%,+.006,21.0%,17.4%,+.010,1.0%,-1.0%,+.010,3.6%,5.2%,-.012,0.6%,7.7%,5.8%,11.5%,6.7%,5.0%,-2.6%,-11.6%,5.4%
Chicago Bulls,2014-15,NBA,CHI,82,-0.3%,8.0%,6.7%,+.005,0.0%,4.8%,-.016,9.8%,7.3%,+.010,2.8%,3.3%,-.004,9.9%,3.6%,5.2%,3.3%,-1.1%,-9.6%,-15.1%,1.3%,6.5%
Chicago Bulls,2013-14,NBA,CHI,82,0.5%,-1.3%,1.4%,-.012,18.8%,17.0%,+.005,-5.1%,-2.4%,-.013,-7.0%,-8.7%,+.014,-2.8%,1.6%,0.4%,3.8%,3.5%,2.7%,4.9%,6.5%,-1.1%
Chicago Bulls,2012-13,NBA,CHI,82,24.4%,27.2%,21.1%,+.021,48.5%,39.4%,+.021,24.0%,17.3%,+.025,42.7%,42.8%,-.000,20.1%,30.7%,27.7%,24.1%,22.4%,39.1%,28.2%,38.0%,30.9%
Chicago Bulls,2011-12,NBA,CHI,66,-19.6%,-18.6%,-16.9%,-.009,-28.6%,-28.2%,-.002,-16.8%,-14.1%,-.014,-34.8%,-32.6%,-.024,-9.4%,-18.6%,-16.2%,-20.0%,-13.7%,-28.1%,-24.4%,-29.1%,-22.3%
Chicago Bulls,2010-11,NBA,CHI,82,-0.4%,-7.8%,-5.3%,-.012,-26.9%,-22.1%,-.021,-3.3%,0.2%,-.016,-0.5%,-3.1%,+.020,-9.6%,-10.3%,-10.1%,-9.3%,-1.7%,8.9%,6.3%,0.1%,-7.9%
Chicago Bulls,2009-10,NBA,CHI,82,-0.1%,-3.1%,0.3%,-.016,20.2%,20.0%,+.000,-7.4%,-4.7%,-.013,-10.8%,-5.7%,-.042,-9.9%,3.9%,-0.1%,-0.5%,-7.1%,-2.4%,-7.4%,-3.8%,-3.3%
Charlotte Hornets,2020-21,NBA,CHO,72,10.2%,9.7%,11.5%,-.008,29.8%,24.9%,+.014,1.3%,2.6%,-.007,14.0%,15.9%,-.012,7.7%,9.3%,8.9%,12.6%,11.3%,5.8%,13.6%,0.2%,12.5%
Charlotte Hornets,2019-20,NBA,CHO,65,-20.6%,-21.2%,-22.2%,+.006,-19.1%,-17.1%,-.009,-22.1%,-25.2%,+.023,-30.6%,-27.9%,-.030,-13.8%,-22.3%,-20.5%,-18.8%,-7.4%,-33.3%,-15.7%,-20.7%,-22.3%
Charlotte Hornets,2018-19,NBA,CHO,82,0.3%,2.0%,1.6%,+.002,7.1%,11.4%,-.014,0.0%,-3.6%,+.019,10.1%,11.1%,-.007,19.2%,1.4%,4.8%,5.1%,4.2%,21.8%,-0.3%,-8.3%,3.6%
Charlotte Hornets,2017-18,NBA,CHO,82,-0.3%,4.1%,1.5%,+.012,-2.5%,-4.2%,+.007,6.9%,4.8%,+.010,2.2%,-0.1%,+.018,-5.5%,-0.6%,-1.6%,0.8%,0.6%,-10.2%,3.8%,12.8%,3.1%
Charlotte Hornets,2016-17,NBA,CHO,82,-0.1%,4.5%,1.7%,+.012,30.9%,23.8%,+.020,-3.6%,-7.6%,+.021,-13.0%,-13.8%,+.007,0.8%,-0.9%,-0.6%,5.8%,-2.5%,0.4%,-2.9%,-2.3%,4.0%
Charlotte Hornets,2015-16,NBA,CHO,82,-0.3%,2.6%,1.6%,+.004,11.9%,14.6%,-.009,0.0%,-3.1%,+.015,3.3%,3.7%,-.003,-0.3%,1.6%,1.2%,4.7%,10.2%,1.8%,6.8%,-2.2%,3.4%
Charlotte Hornets,2014-15,NBA,CHO,82,0.0%,-0.1%,0.4%,-.002,-2.4%,0.9%,-.012,0.6%,0.2%,+.002,3.3%,1.5%,+.014,-7.3%,4.5%,1.9%,5.6%,-2.3%,6.0%,-5.2%,-0.5%,0.3%
Charlotte Hornets,2013-14,NBA,CHA,82,0.5%,-5.1%,1.1%,-.029,-7.1%,-2.5%,-.018,-4.5%,2.5%,-.034,-6.1%,-7.6%,+.012,-19.2%,4.6%,-1.8%,-17.0%,-9.7%,-26.5%,-5.4%,-1.7%,-5.4%
Charlotte Hornets,2012-13,NBA,CHA,82,24.6%,24.0%,25.0%,-.004,76.4%,61.7%,+.032,14.2%,15.1%,-.004,19.5%,20.1%,-.004,24.8%,20.6%,21.7%,34.7%,14.0%,49.5%,29.4%,30.2%,26.5%
Charlotte Hornets,2011-12,NBA,CHA,66,-19.8%,-13.1%,-16.7%,+.019,-29.6%,-29.0%,-.003,-9.1%,-12.6%,+.019,-25.1%,-22.1%,-.030,-3.2%,-10.3%,-8.6%,-13.5%,-17.0%,-23.8%,-17.7%,-22.5%,-16.6%
Charlotte Hornets,2010-11,NBA,CHA,82,-0.4%,1.1%,-0.7%,+.008,0.7%,-5.1%,+.021,1.1%,0.9%,+.001,17.2%,11.6%,+.038,-7.4%,2.7%,0.0%,6.7%,-2.1%,-1.2%,-13.9%,-4.1%,3.7%
Charlotte Hornets,2009-10,NBA,CHA,82,-0.3%,1.5%,2.9%,-.007,2.7%,11.1%,-.028,1.2%,0.4%,+.004,-12.8%,-11.3%,-.013,-1.0%,3.1%,2.0%,3.9%,-1.9%,2.9%,4.1%,5.3%,-1.1%
Brooklyn Nets,2020-21,NBA,BRK,72,-0.4%,1.2%,-1.7%,+.013,8.4%,4.1%,+.015,-1.8%,-5.2%,+.018,-1.8%,-2.5%,+.006,-1.7%,-7.6%,-6.2%,6.1%,-0.7%,-12.9%,-1.2%,-10.5%,1.5%
Brooklyn Nets,2019-20,NBA,BRK,72,-12.5%,-13.8%,-11.8%,-.011,3.4%,0.8%,+.009,-19.4%,-17.9%,-.010,-13.3%,-13.2%,-.001,-15.1%,-12.0%,-12.8%,-16.2%,-13.2%,-12.3%,-16.8%,-15.8%,-12.2%
Brooklyn Nets,2018-19,NBA,BRK,82,0.6%,1.2%,3.4%,-.010,14.4%,23.7%,-.028,-2.4%,-4.3%,+.010,-2.0%,-2.6%,+.005,5.7%,-3.1%,-1.1%,9.1%,1.3%,-4.0%,8.8%,11.9%,1.8%
Brooklyn Nets,2017-18,NBA,BRK,82,0.5%,0.1%,-1.5%,+.008,-9.2%,-9.9%,+.003,3.0%,2.1%,+.005,-7.0%,-6.2%,-.006,-5.4%,0.5%,-0.9%,-5.6%,-19.2%,-1.5%,-7.1%,-3.4%,-1.9%
Brooklyn Nets,2016-17,NBA,BRK,82,0.0%,2.1%,6.7%,-.021,5.3%,6.3%,-.003,1.1%,6.8%,-.028,28.9%,27.4%,+.009,7.4%,9.0%,8.7%,-5.9%,8.3%,6.3%,-6.0%,10.7%,6.1%
Brooklyn Nets,2015-16,NBA,BRK,82,-0.9%,6.2%,1.0%,+.023,11.4%,8.0%,+.011,4.7%,-1.7%,+.032,-4.0%,-8.0%,+.032,-10.4%,0.7%,-2.1%,3.2%,12.0%,15.6%,2.2%,-8.0%,5.1%
Brooklyn Nets,2014-15,NBA,BRK,82,0.3%,5.7%,6.2%,-.002,5.1%,7.9%,-.009,5.9%,5.5%,+.002,-17.0%,-13.7%,-.029,1.7%,4.0%,3.4%,12.8%,5.8%,10.4%,-12.3%,-3.7%,1.4%
Brooklyn Nets,2013-14,NBA,BRK,82,0.1%,-2.8%,-1.6%,-.006,27.8%,27.3%,+.001,-9.0%,-9.4%,+.002,34.1%,29.0%,+.029,4.9%,11.0%,9.4%,-1.9%,-1.0%,-13.6%,17.6%,-2.7%,4.7%
Brooklyn Nets,2012-13,NBA,BRK,82,25.0%,22.6%,24.9%,-.009,20.2%,22.9%,-.008,23.1%,25.5%,-.010,3.8%,5.2%,-.010,12.6%,15.0%,14.3%,14.1%,17.0%,18.2%,16.9%,37.4%,19.3%
Brooklyn Nets,2011-12,NBA,NJN,66,-20.6%,-18.5%,-19.8%,+.008,-15.0%,-17.4%,+.010,-19.2%,-20.5%,+.008,-30.4%,-29.4%,-.011,-8.1%,-21.1%,-17.9%,-15.6%,-6.4%,-12.0%,-6.6%,-22.2%,-20.6%
Brooklyn Nets,2010-11,NBA,NJN,82,1.1%,-3.2%,0.1%,-.016,8.3%,9.0%,-.002,-5.3%,-2.0%,-.017,5.2%,4.7%,+.004,-8.2%,-4.0%,-5.1%,-6.9%,-12.1%,-10.9%,-12.1%,-0.5%,-1.1%
Brooklyn Nets,2009-10,NBA,NJN,82,-0.3%,7.4%,3.3%,+.019,-22.0%,-16.8%,-.024,14.9%,9.6%,+.023,-13.1%,-11.4%,-.014,6.1%,6.3%,6.3%,9.3%,12.5%,7.1%,4.2%,-2.0%,1.0%
Boston Celtics,2020-21,NBA,BOS,72,-0.3%,4.0%,-1.2%,+.023,8.7%,-1.2%,+.034,1.9%,-1.2%,+.016,-1.6%,-3.9%,+.019,-8.9%,-2.7%,-4.2%,7.4%,3.3%,-15.7%,-7.5%,-6.6%,3.6%
Boston Celtics,2019-20,NBA,BOS,72,-11.9%,-14.7%,-13.2%,-.008,-9.9%,-8.9%,-.004,-16.6%,-15.9%,-.005,-5.6%,-5.9%,+.003,-12.8%,-15.9%,-15.2%,-16.9%,-7.6%,24.9%,-11.6%,-7.2%,-12.7%
Boston Celtics,2018-19,NBA,BOS,82,-0.1%,5.6%,3.6%,+.009,22.8%,21.1%,+.005,-0.1%,-4.9%,+.025,7.2%,7.1%,+.001,7.7%,3.9%,4.7%,11.2%,-6.4%,-12.9%,7.1%,2.0%,7.5%
Boston Celtics,2017-18,NBA,BOS,82,0.3%,-3.2%,-0.9%,-.011,4.6%,2.6%,+.007,-5.6%,-2.5%,-.016,-15.0%,-14.4%,-.006,-10.4%,1.3%,-1.6%,-5.8%,-4.7%,-14.4%,1.6%,-5.6%,-4.7%
Boston Celtics,2016-17,NBA,BOS,82,-0.1%,3.0%,0.9%,+.009,14.3%,15.7%,-.004,0.0%,-4.7%,+.024,-2.7%,-4.4%,+.014,-5.3%,-2.4%,-3.1%,7.9%,0.2%,-5.6%,-15.4%,-3.1%,2.8%
Boston Celtics,2015-16,NBA,BOS,82,-0.5%,-1.6%,0.4%,-.009,5.9%,6.0%,-.000,-3.4%,-1.5%,-.009,11.9%,11.9%,-.000,4.4%,2.4%,2.9%,-4.6%,6.7%,4.4%,8.8%,11.2%,1.3%
Boston Celtics,2014-15,NBA,BOS,82,0.8%,0.8%,4.0%,-.014,12.6%,16.2%,-.011,-1.7%,0.3%,-.010,-4.9%,-4.2%,-.006,2.5%,6.8%,5.7%,-0.8%,-4.3%,15.5%,6.1%,-1.2%,0.5%
Boston Celtics,2013-14,NBA,BOS,82,-0.6%,6.0%,0.5%,+.024,-2.0%,-3.5%,+.005,7.8%,1.8%,+.028,5.8%,2.9%,+.021,-5.8%,-0.3%,-1.7%,3.5%,-3.9%,-1.3%,-5.7%,-0.6%,5.4%
Boston Celtics,2012-13,NBA,BOS,81,24.5%,32.6%,26.2%,+.021,59.9%,44.1%,+.034,27.5%,21.3%,+.023,26.0%,29.3%,-.019,18.4%,25.7%,23.7%,42.1%,23.1%,24.3%,19.7%,29.3%,32.9%
Boston Celtics,2011-12,NBA,BOS,66,-19.4%,-20.3%,-17.4%,-.015,-22.3%,-14.3%,-.032,-19.9%,-18.2%,-.009,-23.8%,-24.2%,+.003,-9.4%,-13.3%,-12.2%,-19.6%,-10.3%,-16.5%,-18.0%,-26.6%,-21.1%
Boston Celtics,2010-11,NBA,BOS,82,0.0%,-3.9%,-0.3%,-.016,-5.7%,-5.2%,-.002,-3.5%,1.0%,-.022,-7.0%,-8.2%,+.010,-0.7%,-1.3%,-1.1%,-3.3%,-0.7%,-5.7%,-1.6%,-6.6%,-4.6%
Boston Celtics,2009-10,NBA,BOS,82,-0.5%,4.2%,-0.4%,+.020,-7.3%,-5.3%,-.007,6.8%,1.0%,+.026,-1.2%,2.0%,-.024,4.1%,7.5%,6.6%,2.1%,-1.2%,-0.8%,7.4%,-2.4%,2.3%
